title_fa,title_en,open_jobs,category,company_size,company_site,year
موسسه زبان ایران اروپا , Iran Europe English School,۳,آموزش، مدارس و دانشگاه‌ها,۲۰۱ تا ۵۰۰ نفر,None,None
پیگیر , Paygear,۱,کامپیوتر، فناوری اطلاعات و اینترنت,۱۱ تا ۵۰ نفر,paygear.ir,تاسیس در  ۱۳۹۴
رادوین تجارت , Rodween,۱,کامپیوتر، فناوری اطلاعات و اینترنت,۱۱ تا ۵۰ نفر,www.rodween.com,تاسیس در  ۱۳۸۰
هلدینگ زئوس , ZEUS Holding,۱,تولید و صنایع,۵۱ تا ۲۰۰ نفر,zeusland.com,تاسیس در  ۱۳۸۶
جیبیت , Jibit,۱,کامپیوتر، فناوری اطلاعات و اینترنت,۵۱ تا ۲۰۰ نفر,jibit.ir,تاسیس در  ۱۳۹۵
هیچستان , Hichestan,۸,تاسیس در  ۱۳۹۶,کامپیوتر، فناوری اطلاعات و اینترنت,۵۱ تا ۲۰۰ نفر,None
اسنپ باکس , Snappbox,۴,کامپیوتر، فناوری اطلاعات و اینترنت,۲۰۱ تا ۵۰۰ نفر,snapp-box.com/,تاسیس در  ۱۳۹۶
بایکس , Buyex,۰,کامپیوتر، فناوری اطلاعات و اینترنت,۱۱ تا ۵۰ نفر,buyex.ir,None
نیک مدرن , Nik Modern,۰,کامپیوتر، فناوری اطلاعات و اینترنت,۲ - ۱۰ نفر,nikmodern.com,None
مدیانا , Mediana,۱,کامپیوتر، فناوری اطلاعات و اینترنت,۵۱ تا ۲۰۰ نفر,mediana.ir,None
فرست کوئست , 1stQuest,۱,کامپیوتر، فناوری اطلاعات و اینترنت,۱۱ تا ۵۰ نفر,1stQuest.com,تاسیس در  ۱۳۹۳
توسعه فن آوری باران  , Rainco,۱,کامپیوتر، فناوری اطلاعات و اینترنت,۱۱ تا ۵۰ نفر,raintd.com,None
کارپینو , Carpino,۱,کامپیوتر، فناوری اطلاعات و اینترنت,۱۱ تا ۵۰ نفر,carpino.ir,تاسیس در  ۱۳۹۵
همکاران سیستم , System Group,۲,کامپیوتر، فناوری اطلاعات و اینترنت,بیش از ۱۰۰۰ نفر,www.systemgroup.net/,تاسیس در  ۱۳۶۶
الوپیک , AloPeyk,۶,کامپیوتر، فناوری اطلاعات و اینترنت,۲۰۱ تا ۵۰۰ نفر,alopeyk.com,تاسیس در  ۱۳۹۵
فناوران سپهر ماهان , .Sepehr Mahan Tech Co,۱,کامپیوتر، فناوری اطلاعات و اینترنت,۱۱ تا ۵۰ نفر,sepehrmahan.com,تاسیس در  ۱۳۹۴
تدبیرگستران بهینه ساز , TGBS Co,۹,کامپیوتر، فناوری اطلاعات و اینترنت,۵۱ تا ۲۰۰ نفر,tgbsco.com,تاسیس در  ۱۳۷۹
تم‌یاب , Themeyab,۰,کامپیوتر، فناوری اطلاعات و اینترنت,۲ - ۱۰ نفر,themeyab.com,None
پرورش داده‌ها , DPCO,۲,کامپیوتر، فناوری اطلاعات و اینترنت,۵۰۱ تا ۱۰۰۰ نفر,www.dpco.net,تاسیس در  ۱۳۶۷
ویندوزسنتر , WindowsCenter,۰,کامپیوتر، فناوری اطلاعات و اینترنت,۱۱ تا ۵۰ نفر,windowscenter.ir,None
شرکتهای تابعه سیبل , Subsidiaries Cible,۰,رسانه و انتشارات,۲ - ۱۰ نفر,cible.ir,None
لک‌لک , Laklak,۰,کامپیوتر، فناوری اطلاعات و اینترنت,۲ - ۱۰ نفر,laklakgroup.com,None
داده پرداز پویای شریف , Dadeh Pardaz ,۴,کامپیوتر، فناوری اطلاعات و اینترنت,۱۱ تا ۵۰ نفر,www.dadehpardaz.com,None
فرازپردازان  , Faraz Pardazan,۴,کامپیوتر، فناوری اطلاعات و اینترنت,۱۱ تا ۵۰ نفر,farazpardazan.com,تاسیس در  ۱۳۸۹
میزبان‌پرداز مبین , Mizban Pardaz Mobin,۰,کامپیوتر، فناوری اطلاعات و اینترنت,۲ - ۱۰ نفر,mobintelecom.com,None
فناپ پرداخت , Fanap Payment,۲,کامپیوتر، فناوری اطلاعات و اینترنت,۲۰۱ تا ۵۰۰ نفر,fanappayment.ir,None
نیواکو , Nivaco,۰,تبلیغات، بازاریابی و برندسازی,۲ - ۱۰ نفر,nivaco.ir,None
آسان بار , Asan Bar,۱,کامپیوتر، فناوری اطلاعات و اینترنت,۵۱ تا ۲۰۰ نفر,www.asanbar.ir,تاسیس در  ۱۳۹۵
فاممت , Fammet,۰,کامپیوتر، فناوری اطلاعات و اینترنت,۱۱ تا ۵۰ نفر,fammet.com,None
تجارت سبز , Tejarat Sabz,۱,معماری و عمران,۱۱ تا ۵۰ نفر,ntsi.ir,None
شهر فردا , Shahr Farda,۱,کامپیوتر، فناوری اطلاعات و اینترنت,۱۱ تا ۵۰ نفر,None,None
خدمات مسافرتی و جهانگردی سرزمین چهارفصل  , Chaharfasl Travel Agancy,۱,گردشگری و هتل‌ها,۲ - ۱۰ نفر,www.4season.net,None
ایران هتل آنلاین , Iran Hotel Online,۱,کامپیوتر، فناوری اطلاعات و اینترنت,۵۱ تا ۲۰۰ نفر,iranhotelonline.com,تاسیس در  ۱۳۸۴
هلدینگ سرمایه گذاری یاسین , Yasin Holding,۱,خدمات درمانی، پزشکی و سلامت,۵۱ تا ۲۰۰ نفر,None,None
دفتر املاک آروند , Arvand real estate,۱,املاک و مستغلات,۱۱ تا ۵۰ نفر,None,None
برنامه نویسی متلب و هوش مصنوعی , Matlab24,۱,کامپیوتر، فناوری اطلاعات و اینترنت,۲ - ۱۰ نفر,matlab24.ir,None
فناوری اطلاعات پارسا , IT Parsa,۱,کامپیوتر، فناوری اطلاعات و اینترنت,۱۱ تا ۵۰ نفر,itparsa.com,تاسیس در  ۱۳۸۶
آی تی سیم , Itsim,۱,کامپیوتر، فناوری اطلاعات و اینترنت,۲ - ۱۰ نفر,None,None
مجتمع فنی فلات قاره , Falat Ghareh,۱,آموزش، مدارس و دانشگاه‌ها,۲ - ۱۰ نفر,FalatGhareh.ir,None
فناوری اطلاعات حامیان , Tmic,۱,کامپیوتر، فناوری اطلاعات و اینترنت,۲۰۱ تا ۵۰۰ نفر,tmicto.tehran.ir,None
راهبین گشت , rahbingasht,۱,گردشگری و هتل‌ها,۲ - ۱۰ نفر,rahbingasht.com,None
شرکت توسعه فناوری اطلاعات خوارزمی , Kharazmi IT development co.,۱,کامپیوتر، فناوری اطلاعات و اینترنت,۲۰۱ تا ۵۰۰ نفر,www.kharazmico.com,None
لابراتوار نوآوری شهر آینده , FUture City Innovation Lab,۱,کامپیوتر، فناوری اطلاعات و اینترنت,۱۱ تا ۵۰ نفر,futurecity.ir,None
داده پردازی تونا , Tuna Dataset,۱,کامپیوتر، فناوری اطلاعات و اینترنت,۲ - ۱۰ نفر,emam8.com,None
انجمن صنفی کارفرمایی فروشندگان کالای آرایشی، بهداشتی و عطریات , Efpacs,۱,کامپیوتر، فناوری اطلاعات و اینترنت,۱۱ تا ۵۰ نفر,efpacs.ir,None
موسسه خدمات دارویی رضوی , Razavi Pharmaceutical Service Institute,۱,کامپیوتر، فناوری اطلاعات و اینترنت,۵۱ تا ۲۰۰ نفر,www.rpsi.ir,None
افرا ماینر , Afra Miner,۱,کامپیوتر، فناوری اطلاعات و اینترنت,۲ - ۱۰ نفر,aframiner.com,None
پارسی تک , parsytech,۱,معماری و عمران,۱۱ تا ۵۰ نفر,www.parsytech.ir,None
فروشگاه پارسا , Parsa,۱,خرده‌فروشی، عمده‌فروشی و فروشگاه‌های زنجیره‌ای,۲ - ۱۰ نفر,None,None
ایرانورم , Iran ORM,۱,کامپیوتر، فناوری اطلاعات و اینترنت,۱۱ تا ۵۰ نفر,None,None
داده پردازی کاروتک , KaroTek IT,۱,کامپیوتر، فناوری اطلاعات و اینترنت,۲ - ۱۰ نفر,None,None
امیننس , Eminence,۱,گردشگری و هتل‌ها,۲ - ۱۰ نفر,www.eminencepass.com,None
ارز گرام , Arzgram,۱,کامپیوتر، فناوری اطلاعات و اینترنت,۲ - ۱۰ نفر,arzgram.com,None
استودیو نما , Studio Namaa,۱,کامپیوتر، فناوری اطلاعات و اینترنت,۱۱ تا ۵۰ نفر,studionamaa.ir/,None
راهیان طب صبا , Rahyan Teb Saba(RTS),۱,خدمات درمانی، پزشکی و سلامت,۱۱ تا ۵۰ نفر,bidarmed.com/,None
آژانس بازاریابی خلاق ثنانور  , Sana Noor,۵,کامپیوتر، فناوری اطلاعات و اینترنت,۵۱ تا ۲۰۰ نفر,sananoor.co,None
دیپلمات بتن کیش , Diplomat,۱,تولید و صنایع,۱۱ تا ۵۰ نفر,None,None
کیمیا اکسیر مهرآوین , kimia exir mehravin,۱,تبلیغات، بازاریابی و برندسازی,۲ - ۱۰ نفر,iran-coating.com/,None
آسیا استیل کیان , Asia Steel Kian,۱,واردات و صادرات,۲ - ۱۰ نفر,asiasteel.ir/,None
هوا صنعت تهران , HAVA SANAT TEHRAN,۱,تولید و صنایع,۱۱ تا ۵۰ نفر,WWW.HAVASANATCO.COM,None
تدبیر ارتباطات پاسارگاد , Tadbir Ertebatat Pasargad,۱,کامپیوتر، فناوری اطلاعات و اینترنت,۲ - ۱۰ نفر,None,None
سامانه هوشمند مشاوره تخصصی آرین , Smart Arian Consultancy System,۱,کامپیوتر، فناوری اطلاعات و اینترنت,۲ - ۱۰ نفر,None,None
پرشین گرد , Persiangard,۱,گردشگری و هتل‌ها,۱۱ تا ۵۰ نفر,None,None
بهینه پرداز شکوفا  , Behine Pardaz Shekofa,۱,کامپیوتر، فناوری اطلاعات و اینترنت,۱۱ تا ۵۰ نفر,www.bpshco.com,None
گروه پرداخت الکترونیک اکسین , Oxin Electronical Payment Group,۱,کامپیوتر، فناوری اطلاعات و اینترنت,۲ - ۱۰ نفر,None,None
دینا استیل کاوه  , Dina Steel Kave,۱,تولید و صنایع,۵۱ تا ۲۰۰ نفر,None,None
رایان نیک تجهیز , Rayan Nik Tajhiz,۱,کامپیوتر، فناوری اطلاعات و اینترنت,۲ - ۱۰ نفر,None,None
ارتباطات ثابت پارسیان  , Iran SCP,۱,کامپیوتر، فناوری اطلاعات و اینترنت,۱۱ تا ۵۰ نفر,None,None
موسسه علوم پزشکی سنا , Medical Sana,۱,آموزش، مدارس و دانشگاه‌ها,۲ - ۱۰ نفر,None,None
اندیشه آگهی , Andisheh Agahi,۱,رسانه و انتشارات,۱۱ تا ۵۰ نفر,www.andishehagahi.com/,None
سی اف تی , Cft,۱,کامپیوتر، فناوری اطلاعات و اینترنت,۲ - ۱۰ نفر,None,None
آرتیمان , artiman,۱,کامپیوتر، فناوری اطلاعات و اینترنت,۲ - ۱۰ نفر,None,None
بليت مستر , Bilit Master,۱,تبلیغات، بازاریابی و برندسازی,۲ - ۱۰ نفر,bilitmaster.com,None
گلدیس آسانبر پارس , Goldis Asanbar Pars,۱,معماری و عمران,۱۱ تا ۵۰ نفر,None,None
بهین سافت , Behin Soft,۱,کامپیوتر، فناوری اطلاعات و اینترنت,۲ - ۱۰ نفر,None,None
اگزریا | فضای نمایشگاهی دیجیتال  , EXAREA | Digital Exhibition Area,۱,رسانه و انتشارات,۲ - ۱۰ نفر,exarea.ir,None
موبایل دولوپر , Devmobile,۱,کامپیوتر، فناوری اطلاعات و اینترنت,۲ - ۱۰ نفر,Devmobile.ir,None
بادی فیت , Bodyfit,۱,خدمات درمانی، پزشکی و سلامت,۲ - ۱۰ نفر,None,None
درنیکا , Dornika,۱,خدمات درمانی، پزشکی و سلامت,۲ - ۱۰ نفر,www.dornikaapp.ir,None
19کالا , 19Kala,۱,کامپیوتر، فناوری اطلاعات و اینترنت,۱۱ تا ۵۰ نفر,19kala.com,None
گل راد , Golrad,۱,کشاورزی,۲ - ۱۰ نفر,golrad.com,None
شرق سازه کویر , Shargh Sazeh Kavir,۱,معماری و عمران,۵۱ تا ۲۰۰ نفر,None,None
استدیو لیقه , Studio Liqeh,۱,کامپیوتر، فناوری اطلاعات و اینترنت,۱۱ تا ۵۰ نفر,None,None
باسرگان , Basagan GmbH,۱,خدمات درمانی، پزشکی و سلامت,۲ - ۱۰ نفر,www.basagan.de,None
بهسازان پارت , Behsazan Part,۱,تولید و صنایع,۲ - ۱۰ نفر,None,None
گروه رسانه ای بسپار , Baspar Media Group,۲,رسانه و انتشارات,۲ - ۱۰ نفر,www.iranpolymer.com,None
صدرا صنعت آسانبر , Sadra Sanat,۱,واردات و صادرات,۱۱ تا ۵۰ نفر,sadralift.com,None
بوئين آلومينيوم , BUIN ALUMINIUM,۱,تولید و صنایع,۱۱ تا ۵۰ نفر,None,None
سازگان گستر , Sazgangostar,۱,خدمات درمانی، پزشکی و سلامت,۱۱ تا ۵۰ نفر,sazgan.com,None
گیم اینو , Gameiino,۱,کامپیوتر، فناوری اطلاعات و اینترنت,۲ - ۱۰ نفر,gameiino.ir,None
آنالیکا , Analyca,۱,کامپیوتر، فناوری اطلاعات و اینترنت,۲ - ۱۰ نفر,analyca.net,None
هزارویک , 1001 Engineering Co,۱,کامپیوتر، فناوری اطلاعات و اینترنت,۲ - ۱۰ نفر,None,None
اینتلیسا , Intelisa,۱,کامپیوتر، فناوری اطلاعات و اینترنت,۱۱ تا ۵۰ نفر,innovation.net/,None
مجتمع طراحی و چاپ پیشگامان , Pishgaman,۸,رسانه و انتشارات,۱۱ تا ۵۰ نفر,www.chap.center,None
آیتو , Aito,۱,گردشگری و هتل‌ها,۱۱ تا ۵۰ نفر,None,None
پاسکال فرانش گستر , PFG,۱,کامپیوتر، فناوری اطلاعات و اینترنت,۲ - ۱۰ نفر,None,None
آونگ تجارت پارسیان , Avang Tejarat Parsian,۱,معماری و عمران,۱۱ تا ۵۰ نفر,www.avangtejarat.ir,None
لارامب , Laramob,۱,واردات و صادرات,۵۱ تا ۲۰۰ نفر,www.LARAMOB.com,None
بهینه سازان صنعت وتاسیسات , behineh sazan,۱,کامپیوتر، فناوری اطلاعات و اینترنت,۱۱ تا ۵۰ نفر,None,None
ترجمتن , Tarjomatn,۱,کامپیوتر، فناوری اطلاعات و اینترنت,۲ - ۱۰ نفر,www.tarjomatn.com,None
نیلی کار , Nilicar,۱,خودروسازی,۱۱ تا ۵۰ نفر,www.nilicar.com,None
کیان دانش , Kian Danesh,۱,کامپیوتر، فناوری اطلاعات و اینترنت,۲ - ۱۰ نفر,None,None
توسعه ارتباطات گستر ای تک , Toseh Gostar Novin,۱,کامپیوتر، فناوری اطلاعات و اینترنت,۲ - ۱۰ نفر,None,None
صنایع پزشکی فارمد , Pharmed,۱,تولید و صنایع,۵۱ تا ۲۰۰ نفر,None,None
شرکت وندا , Vandaw,۲,کامپیوتر، فناوری اطلاعات و اینترنت,۲ - ۱۰ نفر,vandaw.com,None
رشت آنلاین , Rasht Online,۱,کامپیوتر، فناوری اطلاعات و اینترنت,۲ - ۱۰ نفر,None,None
نمایه نگار , Namaye Negar,۱,کامپیوتر، فناوری اطلاعات و اینترنت,۲ - ۱۰ نفر,namayenegar.ir,None
کلاس من , Kelaseman,۱,کامپیوتر، فناوری اطلاعات و اینترنت,۲ - ۱۰ نفر,kelaseman.com,None
خورشید سپهر کاسپین , Khorshid Sepehr Caspian,۲,کامپیوتر، فناوری اطلاعات و اینترنت,۲ - ۱۰ نفر,www.mahtakala.ir,None
سازه های مدرن فیکس , Fix Modern Structures,۱,معماری و عمران,۱۱ تا ۵۰ نفر,None,None
ابربازار , Abarbazar,۱,کامپیوتر، فناوری اطلاعات و اینترنت,۵۱ تا ۲۰۰ نفر,None,None
گل و گیاه ویولا , Viola,۱,خرده‌فروشی، عمده‌فروشی و فروشگاه‌های زنجیره‌ای,۲ - ۱۰ نفر,www.goleviola.com,None
ابر زئوس  , Clod Zeous,۱,کامپیوتر، فناوری اطلاعات و اینترنت,۲ - ۱۰ نفر,None,None
بهین ره آورد بهبود , Behin Rahavard Bebud,۱,کامپیوتر، فناوری اطلاعات و اینترنت,۲ - ۱۰ نفر,brb.co.ir,None
هوشمند پرداز شرق , HPHS,۱,کامپیوتر، فناوری اطلاعات و اینترنت,۱۱ تا ۵۰ نفر,None,None
بلوبیت سافت , BlueBit Soft,۱,کامپیوتر، فناوری اطلاعات و اینترنت,۲ - ۱۰ نفر,bluebitsoft.de,None
آیتی بیوتیک , Itbiotic,۱,کامپیوتر، فناوری اطلاعات و اینترنت,۲ - ۱۰ نفر,None,None
ساینا , Sayna,۱,کامپیوتر، فناوری اطلاعات و اینترنت,۲ - ۱۰ نفر,www.saynatech.com,None
نشر سدید , Sadid,۱,آموزش، مدارس و دانشگاه‌ها,۲ - ۱۰ نفر,sadidisu.ir,None
گروه نرم افزاری نویان , Noyan Soft Group,۱,کامپیوتر، فناوری اطلاعات و اینترنت,۱۱ تا ۵۰ نفر,noyanjob.ir,None
بلوط , Balot,۲,تبلیغات، بازاریابی و برندسازی,۲ - ۱۰ نفر,www.baloot.club,None
سایا , Saya,۱,کامپیوتر، فناوری اطلاعات و اینترنت,۱۱ تا ۵۰ نفر,www.samastar.co,None
تجارت الکترونیک رایکا , Rayka,۱,کامپیوتر، فناوری اطلاعات و اینترنت,یک نفر (من),None,None
کران تامین , Karan Tamin,۱,خرده‌فروشی، عمده‌فروشی و فروشگاه‌های زنجیره‌ای,۲ - ۱۰ نفر,None,None
پارس حیان سیما , Pars Hayan Sima,۱,خرده‌فروشی، عمده‌فروشی و فروشگاه‌های زنجیره‌ای,۲ - ۱۰ نفر,None,None
گسترش ارتباطات ژرف , Gostaresh Ertebatat e Zharf,۴,کامپیوتر، فناوری اطلاعات و اینترنت,۱۱ تا ۵۰ نفر,www.gazh.ir,None
نیازه , Niyaze,۱,کامپیوتر، فناوری اطلاعات و اینترنت,۱۱ تا ۵۰ نفر,niyazeh.com,None
رویال ایرانیان , Royal Iranian,۱,کامپیوتر، فناوری اطلاعات و اینترنت,۱۱ تا ۵۰ نفر,None,None
شتابدهی  آوا , Ava Accel,۱,غذا و رستوران‌ها,یک نفر (من),None,None
اوستا , Avesta Team,۱,کامپیوتر، فناوری اطلاعات و اینترنت,۲ - ۱۰ نفر,www.avestateam.com,None
حمل و نقل بین المللی زنجیره , Chain International Transportation,۱,حمل و نقل، لاجستیک و انبارداری,۲۰۱ تا ۵۰۰ نفر,www.chainintl.com,None
گروه شرکتهای آران , Aran Group,۱,کامپیوتر، فناوری اطلاعات و اینترنت,۲۰۱ تا ۵۰۰ نفر,None,None
مجموعه زندگی سبز , Green Life,۳,خدمات درمانی، پزشکی و سلامت,۵۱ تا ۲۰۰ نفر,None,None
فنسی , fancy,۱,کامپیوتر، فناوری اطلاعات و اینترنت,۲ - ۱۰ نفر,None,None
تیم نرم افزاری بهین سامانه , Behin samaneh IT team,۱,کامپیوتر، فناوری اطلاعات و اینترنت,۲ - ۱۰ نفر,None,None
مقصودیه , Maghsudiyeh,۱,تولید و صنایع,یک نفر (من),None,None
آی تی اس , Integrated Transportation Service - ITS,۱,کامپیوتر، فناوری اطلاعات و اینترنت,۲ - ۱۰ نفر,www.transportnilasa.org/fa/,None
آکادمی بین المللی ماندگار , Int. MandegarAcademy,۱,آموزش، مدارس و دانشگاه‌ها,۲ - ۱۰ نفر,www.mandegaracademy.com,None
کلینیک چند تخصصی درد آرامش تهران , Aramesh Multidisciplinary Pain Clinic,۱,خدمات درمانی، پزشکی و سلامت,۱۱ تا ۵۰ نفر,www.Araamesh.com,None
هربال مارکت , Herbal Market,۱,کشاورزی,۲ - ۱۰ نفر,herbal-market.ir,None
نوژن , Nugan,۱,تولید و صنایع,۱۱ تا ۵۰ نفر,None,None
نور سیستم , Nour System,۱,کامپیوتر، فناوری اطلاعات و اینترنت,۲ - ۱۰ نفر,None,None
دانش پارسیان , DAPA,۳,کامپیوتر، فناوری اطلاعات و اینترنت,۲۰۱ تا ۵۰۰ نفر,dapa.ir,None
کالج بین الملل  , International college,۱,آموزش، مدارس و دانشگاه‌ها,۱۱ تا ۵۰ نفر,tumscollege.com,None
اپادانا , Apadana,۱,کامپیوتر، فناوری اطلاعات و اینترنت,۲ - ۱۰ نفر,None,None
ساواشی  , Sawashi,۱,خرده‌فروشی، عمده‌فروشی و فروشگاه‌های زنجیره‌ای,۲ - ۱۰ نفر,None,None
اتومبیل داودی , Davoodi Car,۱,کامپیوتر، فناوری اطلاعات و اینترنت,۱۱ تا ۵۰ نفر,davoodicar.com,None
محلی فود , Mahali Food,۱,خرده‌فروشی، عمده‌فروشی و فروشگاه‌های زنجیره‌ای,۲ - ۱۰ نفر,mahalifood.com,None
سازه های نرم افزاری سورن , Sooren Software Structure,۱,کامپیوتر، فناوری اطلاعات و اینترنت,۲ - ۱۰ نفر,None,None
شرکت خدمات بیمه ای اتیه اندیش مهر اعتماد , Atiye Andish Mehr Eghtesad,۱,بیمه,۲ - ۱۰ نفر,None,None
ردیفو , Radifo,۱,کامپیوتر، فناوری اطلاعات و اینترنت,۲ - ۱۰ نفر,www.radifo.com,None
فن آوران ذخیره ساز , Storage engineers,۱,کامپیوتر، فناوری اطلاعات و اینترنت,۲ - ۱۰ نفر,None,None
تتام گروپ , Tetamgroup,۱,واردات و صادرات,۲ - ۱۰ نفر,www.tetamgroup.com,None
ماهنامه اخبار فلزات , Metals News,۱,رسانه و انتشارات,۱۱ تا ۵۰ نفر,None,None
نو آوران ساختمان پادرا , Noavaran Sakhteman Padra,۱,معماری و عمران,۲ - ۱۰ نفر,None,None
پیمان پردازش نیام , Peyman Pardazesh Niyam,۲,کامپیوتر، فناوری اطلاعات و اینترنت,۱۱ تا ۵۰ نفر,www.niyamco.com/,None
وندا تجارت کهربا , Vanda Tejarat Kahroba,۱,مخابرات و ارتباطات (تلکام),۲ - ۱۰ نفر,excelnetworks.info,None
ویدوفیلم , Vidofilm,۱,کامپیوتر، فناوری اطلاعات و اینترنت,۲ - ۱۰ نفر,vidofilm.com,None
مدیریت صادرات فهرست بناساز جهان , Mason Menu,۱,واردات و صادرات,۲ - ۱۰ نفر,None,None
گروه بررسی فارکس , ForexReviewGroup,۱,کامپیوتر، فناوری اطلاعات و اینترنت,۲ - ۱۰ نفر,forexreviewgroup.com,None
موسسه حقوقی دادگان , Dadgan,۱,وکالت و حقوقی,۲ - ۱۰ نفر,None,None
حامی وردپرس , hamiwp,۱,کامپیوتر، فناوری اطلاعات و اینترنت,۲ - ۱۰ نفر,hamiwp.com,None
اسنیدز , SNeeds,۱,کامپیوتر، فناوری اطلاعات و اینترنت,۱۱ تا ۵۰ نفر,sneeds.ir,None
احسان بنیان پارسیان , Ehsan Bonyan Parsian,۱,کامپیوتر، فناوری اطلاعات و اینترنت,۱۱ تا ۵۰ نفر,9am.ir,None
دریان سفر آرتین , Daryan Safar Artin,۱,گردشگری و هتل‌ها,۲ - ۱۰ نفر,www.dsac.ir,None
ایتان , Itan,۱,کامپیوتر، فناوری اطلاعات و اینترنت,۵۱ تا ۲۰۰ نفر,itan.ir,None
رسا هوشمند باربد , Smart Rasa Barbod,۱,کامپیوتر، فناوری اطلاعات و اینترنت,۲ - ۱۰ نفر,None,None
زیموفین , Cymophane,۱,کامپیوتر، فناوری اطلاعات و اینترنت,۲ - ۱۰ نفر,None,None
دو ستاره , Twostar,۱,کامپیوتر، فناوری اطلاعات و اینترنت,۲ - ۱۰ نفر,twostarstudio.ir,None
ایده پردازش هوشمند برنا , Idea Pardazesh Hooshmand Borna,۱,کامپیوتر، فناوری اطلاعات و اینترنت,۲ - ۱۰ نفر,None,None
پیشرو گستر رایانه پارسیان , Pishro Gostar Rayaneh Parsian,۱,کامپیوتر، فناوری اطلاعات و اینترنت,۱۱ تا ۵۰ نفر,pishrorayaneh.com,None
پیشتازان ارتباط مجازی , VCP,۱,کامپیوتر، فناوری اطلاعات و اینترنت,۱۱ تا ۵۰ نفر,vcpco.com,None
کلینیکت , Clinicet,۱,کامپیوتر، فناوری اطلاعات و اینترنت,۲ - ۱۰ نفر,www.clinicet.com,None
آموزشگاه زبان آتی , Ati English School,۱,آموزش، مدارس و دانشگاه‌ها,۲ - ۱۰ نفر,None,None
شرکت بازرگانی اشراق , Eshragh Trading Company,۱,واردات و صادرات,۱۱ تا ۵۰ نفر,epsco.ir,None
فراشبکه نوین , Fara Shabke,۱,کامپیوتر، فناوری اطلاعات و اینترنت,۲ - ۱۰ نفر,farashabakeh.ir,None
ارتباطات فنی عقیق , AqiqTelecom,۴,کامپیوتر، فناوری اطلاعات و اینترنت,۱۱ تا ۵۰ نفر,aqiqtele.com,None
رشد فرد و کسب و کار , Arna Coaching,۱,آموزش، مدارس و دانشگاه‌ها,۲ - ۱۰ نفر,arnacoaching.com,None
طراحی وب ایران سامانه , Iran Samane,۱,کامپیوتر، فناوری اطلاعات و اینترنت,۲ - ۱۰ نفر,iransamane.com,None
فصل نگارش , Fasle Negaresh,۱,تبلیغات، بازاریابی و برندسازی,۲ - ۱۰ نفر,faslenegaresh.ir,None
صنایع الکترونیک پالس کنترل , Pulse Control,۱,تولید و صنایع,۲ - ۱۰ نفر,www.pulsecontrol-co.com/,None
علم و فن شهریار نوین تبریز , Elm Va Fan Shahriyar Novin Tabriz,۷,کامپیوتر، فناوری اطلاعات و اینترنت,۲۰۱ تا ۵۰۰ نفر,heyvagroup.com,None
امن افزار سپاهان , Emsisoft,۱,کامپیوتر، فناوری اطلاعات و اینترنت,۲ - ۱۰ نفر,emsisoft.co.ir,None
صنایع تولیدی ساحل , Sahelmetal,۱,تولید و صنایع,۲ - ۱۰ نفر,sahelmetal.com,None
آريس , Aris,۱,وکالت و حقوقی,۲ - ۱۰ نفر,None,None
پالایش قیرکسری , Kasra Bitumen Refining,۱,نفت و گاز,۵۱ تا ۲۰۰ نفر,www.kasrabitumen.com,None
سایه سان هنر , Sayesan Honar,۱,کامپیوتر، فناوری اطلاعات و اینترنت,۲ - ۱۰ نفر,sayesan.com,None
کاروانا , Carvana Travels,۱,گردشگری و هتل‌ها,۲ - ۱۰ نفر,None,None
جهان مجد بصیر , Jahan Majd ‌Basir,۱,تبلیغات، بازاریابی و برندسازی,۱۱ تا ۵۰ نفر,None,None
ویسام , Wisam,۱,کامپیوتر، فناوری اطلاعات و اینترنت,۱۱ تا ۵۰ نفر,wisam.ir,None
مانی بان , Mani Ban,۲,مالی و اعتباری,۵۱ تا ۲۰۰ نفر,www.maniban.com,None
آریا تجارت , Ariya tejarat,۱,کامپیوتر، فناوری اطلاعات و اینترنت,۱۱ تا ۵۰ نفر,None,None
سی‌تی‌بُن , 30TBON,۱,کامپیوتر، فناوری اطلاعات و اینترنت,۲ - ۱۰ نفر,30tbon.com,None
باران گستر کارن , Baran Gostar Karen,۱,کامپیوتر، فناوری اطلاعات و اینترنت,۲ - ۱۰ نفر,None,None
مارال چرم , Maral leather,۱,تولید و صنایع,۵۱ تا ۲۰۰ نفر,www.maralleather.com,None
گروه ترجمه آروین , ATG,۱,رسانه و انتشارات,۲ - ۱۰ نفر,None,None
گومد , GOMED,۲,خدمات درمانی، پزشکی و سلامت,۲ - ۱۰ نفر,www.gomediran.com,None
نوین چوب , Novin Choob,۶,واردات و صادرات,۲۰۱ تا ۵۰۰ نفر,novinchoobco.com,None
وبگارد , Webguard,۱,کامپیوتر، فناوری اطلاعات و اینترنت,۲ - ۱۰ نفر,webguard.ir,None
مشاوران طلایی , Moshavere Talaei,۱,آموزش، مدارس و دانشگاه‌ها,۵۱ تا ۲۰۰ نفر,None,None
روزبه شکلات , Roozbe Chocolate,۵,منابع انسانی,۵۱ تا ۲۰۰ نفر,www.roozbehchocolate.com,None
شهراب گستران اروند , Shahrab Gostaran Arvand,۱,تولید و صنایع,۱۱ تا ۵۰ نفر,www.shahrab-co.com,None
ستاره پارس , Pars,۱,خرده‌فروشی، عمده‌فروشی و فروشگاه‌های زنجیره‌ای,۱۱ تا ۵۰ نفر,None,None
پارس کنترل سپاهان , Pars Control Sepahan,۱,نفت و گاز,۲ - ۱۰ نفر,www.parscsco.com,None
بهسازان مجازی , Behsazan Majazi,۱,کامپیوتر، فناوری اطلاعات و اینترنت,۲ - ۱۰ نفر,v-user.com,None
تزول , Tezol,۱۸,خرده‌فروشی، عمده‌فروشی و فروشگاه‌های زنجیره‌ای,۱۱ تا ۵۰ نفر,tezolmarket.com,None
موسسه توسعه دانش فردای ایرانیان , Iran Knowledge,۳,کامپیوتر، فناوری اطلاعات و اینترنت,۱۱ تا ۵۰ نفر,www.iranknowledge.net,None
پرومومدیک , Promomedic,۱,واردات و صادرات,۱۱ تا ۵۰ نفر,promomedicgroup.ir,None
گروه تفریح و سرگرمی اطلس , Atlas Entertainment,۱,کامپیوتر، فناوری اطلاعات و اینترنت,۲ - ۱۰ نفر,None,None
تدبیرسازان رایانه خوارزمی , Tadbir Sazan Rayaneh Kharazmi,۱,کامپیوتر، فناوری اطلاعات و اینترنت,۱۱ تا ۵۰ نفر,None,None
رسانا پردازش فارس , Rasana Co-duplicate13577,۱,کامپیوتر، فناوری اطلاعات و اینترنت,۱۱ تا ۵۰ نفر,www.rasanaco.com,None
پرشین حساب , Persian Hesab,۱,مالی و اعتباری,۲ - ۱۰ نفر,persianhesab.com,None
افراکد , afracode,۱,کامپیوتر، فناوری اطلاعات و اینترنت,۲ - ۱۰ نفر,None,None
حمل و نقل کالای تهران (بادپا) , Kalaie Tehran,۱,حمل و نقل، لاجستیک و انبارداری,۵۱ تا ۲۰۰ نفر,None,None
مجتمع اداری تجاری افرا , Afra Complex,۱,خدمات درمانی، پزشکی و سلامت,۲ - ۱۰ نفر,None,None
سامانه ارتباطی میهن , Mihan Communication system,۱,مخابرات و ارتباطات (تلکام),۱۱ تا ۵۰ نفر,www.skydsl.ir,None
تدارک تامین ایرانیان , TETA,۱,خرده‌فروشی، عمده‌فروشی و فروشگاه‌های زنجیره‌ای,۱۱ تا ۵۰ نفر,tjco.org/,None
کوله , koole,۱,کامپیوتر، فناوری اطلاعات و اینترنت,۱۱ تا ۵۰ نفر,None,None
اندیشه نوین بارثاوا , Andishe Novin Barsava,۱,کامپیوتر، فناوری اطلاعات و اینترنت,۱۱ تا ۵۰ نفر,novinsoft.ir/,None
پارسیس موبایل , Parsis Mobile,۵,کامپیوتر، فناوری اطلاعات و اینترنت,۱۱ تا ۵۰ نفر,www.parsismobile.com,None
مرکز فناوری اطلاعات ویدا , Vida Company,۱,کامپیوتر، فناوری اطلاعات و اینترنت,۲ - ۱۰ نفر,www.vidacompany.ir,None
رایان نوژان طب(راینو) , Raino Company,۱,خدمات درمانی، پزشکی و سلامت,۱۱ تا ۵۰ نفر,None,None
مهندسین مشاور چهارگوشه آسمان شهر , 4gooshe,۱,معماری و عمران,۲ - ۱۰ نفر,None,None
دریزل  , Drizzle,۱,تولید و صنایع,۱۱ تا ۵۰ نفر,None,None
گوکو , GOQUO,۱,کامپیوتر، فناوری اطلاعات و اینترنت,۵۱ تا ۲۰۰ نفر,www.goquo.com/,None
سپنجا , sepanja,۱,گردشگری و هتل‌ها,۱۱ تا ۵۰ نفر,www.sepanja.com/,None
طراحان و مجریان فرآیند بخار , Tarahan va Mojrian Farayand Bokhar,۲,نفت و گاز,۱۱ تا ۵۰ نفر,www.farayandbokhar.com,None
سیمیاتک , SimyaTech,۲,کامپیوتر، فناوری اطلاعات و اینترنت,۱۱ تا ۵۰ نفر,simyatech.com,None
باشگاه مشتریان ستاره پارس , Pars Star Club,۱,کامپیوتر، فناوری اطلاعات و اینترنت,۵۱ تا ۲۰۰ نفر,pstar.ir,None
اندیشه هوشمند مهرگان , Mehregan Co.,۱,کامپیوتر، فناوری اطلاعات و اینترنت,۲ - ۱۰ نفر,mgn-co.com,None
سفیر , Safir,۲,املاک و مستغلات,۵۱ تا ۲۰۰ نفر,None,None
مهندسی پرفورم , Perform,۱,کامپیوتر، فناوری اطلاعات و اینترنت,۲ - ۱۰ نفر,www.performoffice.com,None
آیان گیمز , Ayan Games,۱,کامپیوتر، فناوری اطلاعات و اینترنت,۱۱ تا ۵۰ نفر,None,None
فن آوران افرنگ , Afrang,۱,کامپیوتر، فناوری اطلاعات و اینترنت,۱۱ تا ۵۰ نفر,None,None
کلینیک پارسیان , Parsian Beauty,۱,خدمات درمانی، پزشکی و سلامت,۲ - ۱۰ نفر,None,None
موسسه حقوقی رهپیویان پیرو عدالت , RPE,۱,وکالت و حقوقی,۲ - ۱۰ نفر,None,None
آژانس دیجیتال مارکتینگ وارگو , Vargo Digital Marketing Agency,۱,تبلیغات، بازاریابی و برندسازی,۲ - ۱۰ نفر,None,None
فضل رایانه , Fazl Rayaneh,۱,کامپیوتر، فناوری اطلاعات و اینترنت,۲ - ۱۰ نفر,None,None
ایده پردازی سهره  , Sehreh Idea,۱,کامپیوتر، فناوری اطلاعات و اینترنت,۲ - ۱۰ نفر,None,None
مقاوم زلزله پارسیان , Moghavem Zelzele Parsian,۱,تولید و صنایع,۲ - ۱۰ نفر,None,None
هیوا ره آورد پارسیان  , Hiva Rahavard Parsian Co,۱,واردات و صادرات,۲ - ۱۰ نفر,hivarahavard.com,None
باتیس نقش جهان , Batys Naghshe Jahan,۱,کامپیوتر، فناوری اطلاعات و اینترنت,۲ - ۱۰ نفر,batys.ir/,None
فایلینگ , Filing,۱,کامپیوتر، فناوری اطلاعات و اینترنت,۲ - ۱۰ نفر,None,None
اندیشه سازان زندگی خلاق , Andishehsazaneh Zendegie Khallagh,۱,آموزش، مدارس و دانشگاه‌ها,۲ - ۱۰ نفر,www.vidafallah.com,None
پیمان برق الکتریک فاز , ElectricFaz,۱,تولید و صنایع,۵۱ تا ۲۰۰ نفر,ElectricFaz.com,None
تراز ایده پرداز  , Taraz Ide Pardaz,۱,کامپیوتر، فناوری اطلاعات و اینترنت,۲ - ۱۰ نفر,www.tipacc.com,None
تلیرکو , TelirCo,۱,کامپیوتر، فناوری اطلاعات و اینترنت,۲ - ۱۰ نفر,telirco.com,None
ایده نگر , Eadengar,۱,خودروسازی,۱۱ تا ۵۰ نفر,www.eadenegar.com,None
پاندا گالری , Panda gallery,۱,کامپیوتر، فناوری اطلاعات و اینترنت,۱۱ تا ۵۰ نفر,Pandagallery.ir,None
لوسترمهدی(انصاری) , Mahdi Luster,۱,تولید و صنایع,۵۱ تا ۲۰۰ نفر,mahdiluster.com,None
فروشگاه ژوآنی , zhuani,۱,واردات و صادرات,یک نفر (من),None,None
آسان نت , Asannet,۲,کامپیوتر، فناوری اطلاعات و اینترنت,۱۱ تا ۵۰ نفر,assannet.com,None
خاص باکس , Khas Box,۱,کامپیوتر، فناوری اطلاعات و اینترنت,۲ - ۱۰ نفر,www.khasbox.com,None
بالکا , Baleka,۱,کالای مصرفی و خوراکی,۲ - ۱۰ نفر,None,None
اپرو , Apro,۱۱,گردشگری و هتل‌ها,۲۰۱ تا ۵۰۰ نفر,apro.ir,None
انستیتو روانکاوی تهران , Tehran Psychoanalytic Institute,۱,خدمات درمانی، پزشکی و سلامت,۲ - ۱۰ نفر,None,None
کیمیا میر ماه سپاهان , kimia Mirmah Sepahan,۱,خدمات درمانی، پزشکی و سلامت,۲ - ۱۰ نفر,www.mirmahco.com,None
بنام آوران مهشید , Benam Avarane Mahshid,۱,خرده‌فروشی، عمده‌فروشی و فروشگاه‌های زنجیره‌ای,۲ - ۱۰ نفر,None,None
ورزش کار  , Varzeshkar,۱,فرهنگی و ورزشی,۲ - ۱۰ نفر,None,None
مهندسین مشاور پی آیند اکنون , Pey Ayand Aknoon Consulting Engineering,۱,معماری و عمران,۲ - ۱۰ نفر,seg.groups@gmail.com,None
پژوهش نگاران عصر دانایی , PNAD,۱,کامپیوتر، فناوری اطلاعات و اینترنت,۲ - ۱۰ نفر,None,None
کفش پاروپا , Paropa,۱,تولید و صنایع,۲ - ۱۰ نفر,paropashoes.com,None
نیروی غرب , Nirooye Gharb,۱,کامپیوتر، فناوری اطلاعات و اینترنت,۵۱ تا ۲۰۰ نفر,westpowerco.ir,None
صنایع کاشی تبریز , Tabriztile,۱,کامپیوتر، فناوری اطلاعات و اینترنت,۵۰۱ تا ۱۰۰۰ نفر,www.tabrizgroup.co,None
ریحا , Riiha,۲,کامپیوتر، فناوری اطلاعات و اینترنت,۲ - ۱۰ نفر,None,None
ایده بهسام , Idea Behsam,۱,کامپیوتر، فناوری اطلاعات و اینترنت,۲ - ۱۰ نفر,None,None
گروه نرم افزاری هوشمند فرنام , HOOSHMAND FARNAM,۱,کامپیوتر، فناوری اطلاعات و اینترنت,۱۱ تا ۵۰ نفر,None,None
خانه آترین , Atrin home,۱,معماری و عمران,۲ - ۱۰ نفر,None,None
مایکرومینگ , MicroMing,۱,کامپیوتر، فناوری اطلاعات و اینترنت,۱۱ تا ۵۰ نفر,None,None
دیدار , Didar,۱,کامپیوتر، فناوری اطلاعات و اینترنت,۲ - ۱۰ نفر,my.didarserver.com,None
کتابفروشی طاعتی , Taati Publications,۱,خرده‌فروشی، عمده‌فروشی و فروشگاه‌های زنجیره‌ای,۲ - ۱۰ نفر,taati.ir,None
مبنا فن , Mabna fan,۱,خرده‌فروشی، عمده‌فروشی و فروشگاه‌های زنجیره‌ای,۲ - ۱۰ نفر,mabnafan.com,None
تک چارتر , Takcharter,۱,کامپیوتر، فناوری اطلاعات و اینترنت,۲ - ۱۰ نفر,None,None
گروه پیمانکاری پارسیان صنعت , Parsain Sanat Group,۱,معماری و عمران,۱۱ تا ۵۰ نفر,None,None
بیت‌بان , BitBaan,۱,کامپیوتر، فناوری اطلاعات و اینترنت,۱۱ تا ۵۰ نفر,bitbaan.com,None
پارسا موتور سامان , Parsamotorsaman,۲,خودروسازی,۱۱ تا ۵۰ نفر,None,None
شرکت مهندسی آرین درمان پژوه , Ariandarmanpajouh,۱,واردات و صادرات,۱۱ تا ۵۰ نفر,None,None
كارگزاری بيمه نمایندگی 1076 , Insurance Brokerage,۱,بیمه,۱۱ تا ۵۰ نفر,None,None
سورنا انتخاب برتر  , Sorena The Best Choice,۲,واردات و صادرات,۱۱ تا ۵۰ نفر,None,None
پارک علم و فناوری دانشگاه صنعتی شریف , Sharif Science and Technology Park,۳,دولتی,۱۱ تا ۵۰ نفر,techpark.sharif.ir,None
البرز داده سحر , Alborz Dadeh Sahar,۱,کامپیوتر، فناوری اطلاعات و اینترنت,۲ - ۱۰ نفر,landing.alborzdsp.co,None
تیم آلفا , AlphaTeam,۱,کامپیوتر، فناوری اطلاعات و اینترنت,۲ - ۱۰ نفر,None,None
نیکمهر عمرانی , Nikmehr Omrani,۱,واردات و صادرات,۱۱ تا ۵۰ نفر,www.omranigroup.com,None
شید  , Shadesand Designs,۱,معماری و عمران,۲ - ۱۰ نفر,None,None
جای باش , jaibash,۱,کامپیوتر، فناوری اطلاعات و اینترنت,۲ - ۱۰ نفر,None,None
موسسه تام , Tam,۱,کامپیوتر، فناوری اطلاعات و اینترنت,۲ - ۱۰ نفر,www.iranexpert.ir,None
پویان افزار آرکا , Pouyan Afzar Arka,۱,کامپیوتر، فناوری اطلاعات و اینترنت,۱۱ تا ۵۰ نفر,pouyanafzar.com,None
آیتان , Aytan,۱,خدمات درمانی، پزشکی و سلامت,۲ - ۱۰ نفر,None,None
سی پل , Cpol,۱,کامپیوتر، فناوری اطلاعات و اینترنت,۱۱ تا ۵۰ نفر,None,None
رزیدنت یار , Residenttyar,۲,رسانه و انتشارات,۲ - ۱۰ نفر,www.residenttyar.com,None
آرند , Arend Lighting,۱,تولید و صنایع,۱۱ تا ۵۰ نفر,arendlighting.com,None
املاک باب اول , Babe Avval,۱,املاک و مستغلات,۱۱ تا ۵۰ نفر,www.babeavval.com,None
تعاونی چندمنظوره دانشگاه صنعتی شریف , Sharif University Of Technology,۱,کامپیوتر، فناوری اطلاعات و اینترنت,۲ - ۱۰ نفر,www.mpco.sharif.ir,None
آدیلار , Adilar,۲,کامپیوتر، فناوری اطلاعات و اینترنت,۲ - ۱۰ نفر,adilar.com/,None
افق کیش , Ofogh Kish,۱,کامپیوتر، فناوری اطلاعات و اینترنت,۲ - ۱۰ نفر,None,None
رنگ مشکات , Meshkat Paint,۱,تولید و صنایع,۱۱ تا ۵۰ نفر,None,None
فرین اندیشه ماندگار , Faranama,۱,کامپیوتر، فناوری اطلاعات و اینترنت,۲ - ۱۰ نفر,faranama.it,None
بیدوپین , Bidopin,۵,کامپیوتر، فناوری اطلاعات و اینترنت,۱۱ تا ۵۰ نفر,None,None
سامانه‌های پردازش هوشمند رهیافت , Sepehr,۵,کامپیوتر، فناوری اطلاعات و اینترنت,۱۱ تا ۵۰ نفر,None,None
بامداد , Bamdad,۱,کامپیوتر، فناوری اطلاعات و اینترنت,۲ - ۱۰ نفر,bamdadsoft.com,None
وکبیتی , Vocabeaty,۱,آموزش، مدارس و دانشگاه‌ها,۲ - ۱۰ نفر,None,None
گسترش تجارت , Gostaresh,۱,کامپیوتر، فناوری اطلاعات و اینترنت,۲ - ۱۰ نفر,None,None
نعنا پونه , Naana Poone,۱,غذا و رستوران‌ها,۲ - ۱۰ نفر,None,None
شهرک کشاورزی آفتاب رود ارس  , Araado,۱,کشاورزی,۱۱ تا ۵۰ نفر,www.aradow.com,None
بتن سبحان , Sobhan Beton,۱,تولید و صنایع,۵۱ تا ۲۰۰ نفر,None,None
پارسکم , Parschem,۱,تولید و صنایع,۵۱ تا ۲۰۰ نفر,parschem.co,None
هامرز  , Humerz,۱,کامپیوتر، فناوری اطلاعات و اینترنت,۱۱ تا ۵۰ نفر,humerzmed.com/,None
پویا فناوران کوثر  , Pooya fanavaran kosar,۱,کامپیوتر، فناوری اطلاعات و اینترنت,۱۱ تا ۵۰ نفر,www.pfkvision.com,None
بیمه پاسارگاد نمایندگی 4891 , pasargad Insurance 4891,۲,بیمه,۲ - ۱۰ نفر,None,None
وایف ایز لایف , Wife is life,۱,خدمات درمانی، پزشکی و سلامت,۲ - ۱۰ نفر,wife-is-life.com,None
وندا طب , Vanda Teb,۳,خدمات درمانی، پزشکی و سلامت,۲ - ۱۰ نفر,None,None
خدمات ویزا و مهاجرت مدوسا , Medusa Visa and Immigration Services,۱,گردشگری و هتل‌ها,۱۱ تا ۵۰ نفر,None,None
کلینیک تخصصی دکتر نیلفروش زاده , Nilforoushzadeh Center for Advanced Dermatology,۳,خدمات درمانی، پزشکی و سلامت,۱۱ تا ۵۰ نفر,www.nilforoushzadeh.clinic,None
توسعه ایران رجا , Iran Raja Development,۲,کامپیوتر، فناوری اطلاعات و اینترنت,۱۱ تا ۵۰ نفر,www.iranraja.com,None
کریتیو پارتنر , Creative Partner,۱,منابع انسانی,۱۱ تا ۵۰ نفر,creativepartner.co,None
بلو اند پی , BLUE & P INFRASTRUCTURE GROUP,۵,نیرو,۵۱ تا ۲۰۰ نفر,blueandpgroup.com,None
راهیان آبی دانش , Rad Group,۱,آموزش، مدارس و دانشگاه‌ها,۱۱ تا ۵۰ نفر,WWW.rad-iran.com,None
ویسمن ارکان , Visman Arkan,۲,کامپیوتر، فناوری اطلاعات و اینترنت,۱۱ تا ۵۰ نفر,None,None
نوین پردازش پادیر , Novin Pardazesh Padir,۱,کامپیوتر، فناوری اطلاعات و اینترنت,۲ - ۱۰ نفر,NPPADIR.COM,None
املاک بزرگ عصر نوین , Asre Novin Realestete,۱,املاک و مستغلات,۱۱ تا ۵۰ نفر,amlakeasrenovin.com/,None
شرکت مهندسی تحلیل گران نرم افزاری آلا , Ala company,۱,کامپیوتر، فناوری اطلاعات و اینترنت,۲ - ۱۰ نفر,None,None
سینکست , Seenext,۲,نفت و گاز,۲ - ۱۰ نفر,seenext.ir,None
مهندسین نیوز , Mohandesin News,۱,کامپیوتر، فناوری اطلاعات و اینترنت,۲ - ۱۰ نفر,mohandesinnews.ir,None
نادین سامانه آینده , Nadin Samaneh Ayandeh,۲,کامپیوتر، فناوری اطلاعات و اینترنت,۱۱ تا ۵۰ نفر,None,None
بوش لند , Bosch Land,۳,کامپیوتر، فناوری اطلاعات و اینترنت,۱۱ تا ۵۰ نفر,bosch-land.com,None
مد فناوران پلاس , Med Fanavaran Plus,۱,تولید و صنایع,۱۱ تا ۵۰ نفر,None,None
سرمایه گذاری آفتاب دریا , Darya Investment,۳,کامپیوتر، فناوری اطلاعات و اینترنت,۲۰۱ تا ۵۰۰ نفر,None,None
ویچی , Vichy,۱,تولید و صنایع,۵۱ تا ۲۰۰ نفر,www.vichyteen.com,None
سپیدان حساب , Sepidan Hesab,۱,مالی و اعتباری,۲ - ۱۰ نفر,www.sepidanhesab.com,None
بیمه سامان نمایندگی 698 , Saman Insurance 698,۱,بیمه,۱۱ تا ۵۰ نفر,None,None
تیم تکست , Team Text,۱,کامپیوتر، فناوری اطلاعات و اینترنت,۲ - ۱۰ نفر,Teamtext.ir,None
فناوری اطلاعات و تجارت الکترونیک نیوار , Neevar,۳,کامپیوتر، فناوری اطلاعات و اینترنت,۱۱ تا ۵۰ نفر,None,None
پارس پرداز , Pars Pardaz,۱,کامپیوتر، فناوری اطلاعات و اینترنت,۱۱ تا ۵۰ نفر,www.pars-pardaz.com,None
گردشگری سلامت دکتر تجمیل , Health Tourism DrTajmil,۲,خدمات درمانی، پزشکی و سلامت,۲ - ۱۰ نفر,www.drtajmil.com,None
کانون آگهی و تبلیغات پیام آوران , Payam Avaran,۳,تبلیغات، بازاریابی و برندسازی,۲ - ۱۰ نفر,None,None
راک مشبک تهران , Rock Moshabak Tehran,۱,تولید و صنایع,۵۱ تا ۲۰۰ نفر,www.rocktehran.com,None
همتا رایانه , Hamta Rayane,۵,کامپیوتر، فناوری اطلاعات و اینترنت,۱۱ تا ۵۰ نفر,www.hamtarayaneh.ir,None
اِی آی گرو , AIGrow,۲,کامپیوتر، فناوری اطلاعات و اینترنت,۱۱ تا ۵۰ نفر,AiGrow.me,None
کوه نور , Daneshgostar Koohenoor Institute,۱,آموزش، مدارس و دانشگاه‌ها,۲ - ۱۰ نفر,www.Koohenoor.Org,None
ولت , Volt,۱,خرده‌فروشی، عمده‌فروشی و فروشگاه‌های زنجیره‌ای,۱۱ تا ۵۰ نفر,None,None
نورون سیستم , Noron System,۲,کامپیوتر، فناوری اطلاعات و اینترنت,۲ - ۱۰ نفر,noronsystem.com/,None
آب معدنی البرزپلور , Alborzpur Mineral Wate Co.,۱,تولید و صنایع,۱۱ تا ۵۰ نفر,None,None
هزاره پیش‌رفت آریایی , HPA,۱,کامپیوتر، فناوری اطلاعات و اینترنت,۲ - ۱۰ نفر,None,None
ورنا آداک  , Vorna Adak,۱,کامپیوتر، فناوری اطلاعات و اینترنت,۲ - ۱۰ نفر,None,None
پرداخت الکترونیک سپهر , SepehrPay,۱,بانکداری,۵۰۱ تا ۱۰۰۰ نفر,None,None
جینوورا , Giovera,۱,تولید و صنایع,۱۱ تا ۵۰ نفر,ginovera.com,None
بیمه عمر پاسارگاد نمایندگی 82987 , Pasargad Insurance,۱,بیمه,۱۱ تا ۵۰ نفر,None,None
وان وب , 1web,۱,کامپیوتر، فناوری اطلاعات و اینترنت,۲ - ۱۰ نفر,None,None
سورنا گیم ایرانیان , Sorena Game Iranian,۱,کامپیوتر، فناوری اطلاعات و اینترنت,۲ - ۱۰ نفر,None,None
کلینیک زیبایی آمون , Amoon Clinic,۱,خدمات درمانی، پزشکی و سلامت,۱۱ تا ۵۰ نفر,None,None
زوبین آکادمی , Zoobin Academy,۱,کامپیوتر، فناوری اطلاعات و اینترنت,۲ - ۱۰ نفر,None,None
ویستو , Visto,۱,کامپیوتر، فناوری اطلاعات و اینترنت,۲ - ۱۰ نفر,visto-co.ir,None
محموله , Mahmoole,۱,کامپیوتر، فناوری اطلاعات و اینترنت,۲ - ۱۰ نفر,Mahmoole.com,None
وب سنتر , Web Center,۴,کامپیوتر، فناوری اطلاعات و اینترنت,۲ - ۱۰ نفر,None,None
پرسیس ارتباط , Persis Ertebat,۱,کامپیوتر، فناوری اطلاعات و اینترنت,۱۱ تا ۵۰ نفر,None,None
نسیم مبدل  , Nasim Mobadel,۱,تولید و صنایع,۱۱ تا ۵۰ نفر,nasimmobadel.com,None
گروه توسعه نهایت آی تی  , I2xi Development Group,۱,کامپیوتر، فناوری اطلاعات و اینترنت,۲ - ۱۰ نفر,None,None
مدیر سبز قرن , Modir Sabz,۱,کامپیوتر، فناوری اطلاعات و اینترنت,۲ - ۱۰ نفر,modiresabz.com,None
راهبران شماران سیستم , Rahbaraan,۲,کامپیوتر، فناوری اطلاعات و اینترنت,۵۱ تا ۲۰۰ نفر,www.shomaran.com,None
هسته پرداز , HPK,۱,کامپیوتر، فناوری اطلاعات و اینترنت,۲ - ۱۰ نفر,None,None
نقش رنگ خجستگان , Khogastegan,۹,تولید و صنایع,۵۱ تا ۲۰۰ نفر,None,None
هایزون گروپ , Hizone,۱,کالای مصرفی و خوراکی,۲ - ۱۰ نفر,hizone.ir,None
پرداخت الکترونیک پاسارگاد , Pasargad Electronic Payment Co.,۴,بانکداری,۵۰۱ تا ۱۰۰۰ نفر,www.pep.co.ir,None
زیرساخت داده کاوی , Zirsakht Group,۲,کامپیوتر، فناوری اطلاعات و اینترنت,۱۱ تا ۵۰ نفر,www.zirsakhtgroup.ir,None
الفبا , Alefba,۱,کامپیوتر، فناوری اطلاعات و اینترنت,۲ - ۱۰ نفر,www.alefba-app.com,None
صنایع هوشمند همیار اول , Hamyar E Aval,۳,کامپیوتر، فناوری اطلاعات و اینترنت,۱۱ تا ۵۰ نفر,None,None
فوژان اکسوم , Fojhun Exsom,۱,کامپیوتر، فناوری اطلاعات و اینترنت,۵۱ تا ۲۰۰ نفر,www.fojhun.com,None
صنعت پخش مژده  , Mojdeh Distribution Industry,۲,کالای مصرفی و خوراکی,۵۰۱ تا ۱۰۰۰ نفر,mojdeh.co,None
خانه گیاه افرا , Afra Green House,۱,کشاورزی,۲ - ۱۰ نفر,None,None
مدرسه کسب و کار آیا , Aya Business School,۳,تبلیغات، بازاریابی و برندسازی,۱۱ تا ۵۰ نفر,www.ayabusinessschool.com/,None
راستین تک , Rastin Tech,۱,کامپیوتر، فناوری اطلاعات و اینترنت,۲ - ۱۰ نفر,rastintech.net,None
طبیعت سبز میهن , Tabiat Sabz Mihan,۱,کامپیوتر، فناوری اطلاعات و اینترنت,بیش از ۱۰۰۰ نفر,tabiat-product.com,None
انتشارات آریاناقلم , Aryana Ghalam Publication,۱,رسانه و انتشارات,۲ - ۱۰ نفر,www.aryanaghlam.com,None
موسسه نگاره , Negareh,۱,آموزش، مدارس و دانشگاه‌ها,۱۱ تا ۵۰ نفر,None,None
داناکسا , Danaxa,۱,کامپیوتر، فناوری اطلاعات و اینترنت,۱۱ تا ۵۰ نفر,danaxa.com/,None
آرمان پژوهان , Arman Pajhohan,۱,آموزش، مدارس و دانشگاه‌ها,۲ - ۱۰ نفر,None,None
گروه کندو , Candoo Group,۱,کامپیوتر، فناوری اطلاعات و اینترنت,۲ - ۱۰ نفر,www.candooit.com,None
مزونس , Mezons,۱,کامپیوتر، فناوری اطلاعات و اینترنت,۱۱ تا ۵۰ نفر,mezons.ir,None
گروه خلاقیت دیجیتال اتمسفر , Atmosfer Group,۱,تبلیغات، بازاریابی و برندسازی,۲ - ۱۰ نفر,None,None
آرشیو مد , Archive Med,۱,کامپیوتر، فناوری اطلاعات و اینترنت,۱۱ تا ۵۰ نفر,www.archivemed.ir,None
یوتاب , Youtab,۱,تبلیغات، بازاریابی و برندسازی,۱۱ تا ۵۰ نفر,None,None
کاوا ارتباطات هوشمند , KAVA Intelligent Communications,۳,مخابرات و ارتباطات (تلکام),۱۱ تا ۵۰ نفر,www.kavatelecom.com,None
ری سلف , Re Self,۱,کامپیوتر، فناوری اطلاعات و اینترنت,۲ - ۱۰ نفر,reself.net,None
مربیان 21 , Co21,۱,آموزش، مدارس و دانشگاه‌ها,۲ - ۱۰ نفر,co21.ir,None
ایران آی تی , IranIT,۱,کامپیوتر، فناوری اطلاعات و اینترنت,۱۱ تا ۵۰ نفر,None,None
رایانیرو , Raya Niroo,۱,کامپیوتر، فناوری اطلاعات و اینترنت,۱۱ تا ۵۰ نفر,rayaniroo.ir,None
پاویر تجارت ایرانیان , Pavir Tejarat Iranian,۳,معماری و عمران,۱۱ تا ۵۰ نفر,www.pavirco.com,None
ایلیا صنعت پژوهان , Iliya Sanat Pazhuhan,۱,خدمات درمانی، پزشکی و سلامت,۱۱ تا ۵۰ نفر,None,None
تئوری دهم , 10 Award,۲,کامپیوتر، فناوری اطلاعات و اینترنت,۲ - ۱۰ نفر,10award.com,None
ارتباطات بارقه پردیس , Baregheh Pardis,۱,کامپیوتر، فناوری اطلاعات و اینترنت,۵۱ تا ۲۰۰ نفر,www.baregheh.com/,None
تلنت‌بریج , TalentBridge GmbH,۵,کامپیوتر، فناوری اطلاعات و اینترنت,۱۱ تا ۵۰ نفر,talentbridge.eu.com,None
آتلیه آسمان , Sky Studio,۱,فرهنگی و ورزشی,۱۱ تا ۵۰ نفر,studio-sky.com,None
آرک فاوا , Arc Fava,۲,کامپیوتر، فناوری اطلاعات و اینترنت,۱۱ تا ۵۰ نفر,www.arcfava.com,None
صوفی گشت , Soufi Gasht,۱,کامپیوتر، فناوری اطلاعات و اینترنت,۱۱ تا ۵۰ نفر,www.soufigasht.com,None
تحلیلگران , Tahlilgaran,۱,کامپیوتر، فناوری اطلاعات و اینترنت,۱۱ تا ۵۰ نفر,None,None
اصل یاب , Aslyab,۳,کامپیوتر، فناوری اطلاعات و اینترنت,۲ - ۱۰ نفر,aslyab.com,None
اتصال یکپارچه  , Ettesal Yekparcheh,۲,کامپیوتر، فناوری اطلاعات و اینترنت,۱۱ تا ۵۰ نفر,www.ettesal.co,None
ویچ رامان , Vich Raman,۱,مخابرات و ارتباطات (تلکام),۱۱ تا ۵۰ نفر,None,None
ونوس شیشه , Venus Glass,۱,تولید و صنایع,۵۰۱ تا ۱۰۰۰ نفر,www.venusglass.net,None
پیام رسان آیگپ , iGap messenger,۷,کامپیوتر، فناوری اطلاعات و اینترنت,۱۱ تا ۵۰ نفر,www.igap.net/fa/,None
پردازش های هوشمند ناوش آریا , Navosh,۲,کامپیوتر، فناوری اطلاعات و اینترنت,۱۱ تا ۵۰ نفر,www.navosh.ir,None
کارگزاری بورسیران , Boursiran Broker,۱,کامپیوتر، فناوری اطلاعات و اینترنت,۱۱ تا ۵۰ نفر,www.boursiran.ir/,None
کادو کارت , Kado Card,۱,خرده‌فروشی، عمده‌فروشی و فروشگاه‌های زنجیره‌ای,۲ - ۱۰ نفر,kadocard.ir,None
گسترش ارتباطات زیرساخت غدیر , Ghadir,۱,کامپیوتر، فناوری اطلاعات و اینترنت,۲ - ۱۰ نفر,None,None
بینالود پرواز شرق , Binalood Agency,۳,گردشگری و هتل‌ها,۲ - ۱۰ نفر,None,None
کودکس , Kodex,۱,تبلیغات، بازاریابی و برندسازی,۲ - ۱۰ نفر,None,None
نوآوران آذرخش فرتاک , Noavaran Azarkhsh Fartak,۱,کامپیوتر، فناوری اطلاعات و اینترنت,۱۱ تا ۵۰ نفر,Noro.ai,None
ساتر معدن آراد , SMA.CO,۱,واردات و صادرات,۲ - ۱۰ نفر,www.satermadan.com,None
شمین گشت , Shamin Gasht,۲,گردشگری و هتل‌ها,۲ - ۱۰ نفر,None,None
دنتال مال , Dental Mall,۱,کامپیوتر، فناوری اطلاعات و اینترنت,۲ - ۱۰ نفر,DentalMall.com,None
نایزک , Nizek,۵,کامپیوتر، فناوری اطلاعات و اینترنت,۱۱ تا ۵۰ نفر,nizek.com,None
تریداتس , 3dots,۱,کامپیوتر، فناوری اطلاعات و اینترنت,۱۱ تا ۵۰ نفر,www.3dots.ir,None
سامانه نگار آتنا , Sana Tech,۱,کامپیوتر، فناوری اطلاعات و اینترنت,۲ - ۱۰ نفر,abrino.ir,None
رایان پژوه سلامت , Rayanpajouh Salamat,۱,کامپیوتر، فناوری اطلاعات و اینترنت,۲ - ۱۰ نفر,rps.co.ir,None
کارگزاری بیمه (بیمه تایم) , Insurance Broker (BimeTime),۲,بیمه,۱۱ تا ۵۰ نفر,www.bimetime.com,None
دیجی آلفا , Digialpha,۱,کامپیوتر، فناوری اطلاعات و اینترنت,۲ - ۱۰ نفر,www.digialpha.agency,None
وان دی آف , The1Day Off,۱,خرده‌فروشی، عمده‌فروشی و فروشگاه‌های زنجیره‌ای,۲ - ۱۰ نفر,1dayoff.com,None
تارنگ دکور , Tarang Decor,۱,معماری و عمران,۱۱ تا ۵۰ نفر,www.tarangdecor.com,None
کاروان , Kare One,۲,کامپیوتر، فناوری اطلاعات و اینترنت,۱۱ تا ۵۰ نفر,www.kareone360.com,None
آكادمی زبان های خارجی نوبل , NOBEL Academy of Foregn Languages,۱,آموزش، مدارس و دانشگاه‌ها,۱۱ تا ۵۰ نفر,nobellc.ir,None
مجموعه سرویس های چاپار  , Chaapaar,۱,کامپیوتر، فناوری اطلاعات و اینترنت,۱۱ تا ۵۰ نفر,None,None
ارتباطات هوشمند چکاوک , Chakavak,۲,مخابرات و ارتباطات (تلکام),۲ - ۱۰ نفر,Chakavak.info,None
فناوری هوشمند آموت , Amoot,۱,کامپیوتر، فناوری اطلاعات و اینترنت,۱۱ تا ۵۰ نفر,None,None
دیناوین , Dinawin,۵,واردات و صادرات,۱۱ تا ۵۰ نفر,None,None
توسعه انرژی مهرآراد , Mehrarad Energy Development ,۲,نفت و گاز,۱۱ تا ۵۰ نفر,www.mehrarad.com/,None
تبلیغاتی داما  , Daama ,۱,تبلیغات، بازاریابی و برندسازی,۱۱ تا ۵۰ نفر,None,None
جامین پیشرو نوید , Jamin Pishronavid,۱,نفت و گاز,۲ - ۱۰ نفر,None,None
بیمه سامان کد 5181 , Saman Insurance 5181,۱,بیمه,۲ - ۱۰ نفر,samaninsurance.ir,None
بهینه سازان فرآیند , Behine Sazan Farayand,۱,کامپیوتر، فناوری اطلاعات و اینترنت,۲ - ۱۰ نفر,bitfinity.ir,None
دی دی آر , DDR,۱,کامپیوتر، فناوری اطلاعات و اینترنت,۲ - ۱۰ نفر,None,None
توسعه تجارت الکترونیک کوروش , Okala,۲,کامپیوتر، فناوری اطلاعات و اینترنت,۵۱ تا ۲۰۰ نفر,okala.com,None
توسعه ارتباطات پیام آوران هزاره نوین , Ertebat Cell,۱,کامپیوتر، فناوری اطلاعات و اینترنت,۲ - ۱۰ نفر,ertebatcell.com,None
یونی بید , Uni Bid,۳,کامپیوتر، فناوری اطلاعات و اینترنت,۱۱ تا ۵۰ نفر,UniBid.ir,None
کوانسنس , Quan Sens,۲,نفت و گاز,۲ - ۱۰ نفر,www.quansens.com,None
آوا رود اندیشه , Ava Rood Andisheh,۱,آموزش، مدارس و دانشگاه‌ها,۲ - ۱۰ نفر,None,None
کندوج , kandouj,۱,تولید و صنایع,۵۱ تا ۲۰۰ نفر,None,None
آنیل , Anil,۱,معماری و عمران,۱۱ تا ۵۰ نفر,None,None
میت آرپ , Meet Arp,۱,سرمایه‌گذاری و تحلیل کسب‌وکار,۲ - ۱۰ نفر,WWW.MEETARP.COM,None
صدگان سامانه هوشمند , Sadgan Samaneh Hooshmand,۲,کامپیوتر، فناوری اطلاعات و اینترنت,۱۱ تا ۵۰ نفر,sadgan.com,None
همگام خودرو آسیا ,  Hamgam Khodro Asia,۱,خودروسازی,۵۰۱ تا ۱۰۰۰ نفر,None,None
تجارت الکترونیک آریستور , Aristor e-commerce Group,۱,کامپیوتر، فناوری اطلاعات و اینترنت,۲ - ۱۰ نفر,Arisstore.ir,None
خدمات خلاقانه تجارت الکترونیک ,  Creative E-commerce Service,۱,کامپیوتر، فناوری اطلاعات و اینترنت,۱۱ تا ۵۰ نفر,None,None
ایران بای بیت , Iran By Bit,۱,گردشگری و هتل‌ها,۲ - ۱۰ نفر,iranbybit.com,None
داروسازی درمانگر سبز اندیش پرنیان , Parnian Co.,۱,تولید و صنایع,۵۱ تا ۲۰۰ نفر,www.shopniltak.com/,None
هیلو , Hailo,۱,حمل و نقل، لاجستیک و انبارداری,۲ - ۱۰ نفر,None,None
بله , Bale,۲,کامپیوتر، فناوری اطلاعات و اینترنت,۵۱ تا ۲۰۰ نفر,bale.ai,None
اکسون ارایه پارسی , Axon Araye Parsi,۱,خرده‌فروشی، عمده‌فروشی و فروشگاه‌های زنجیره‌ای,۲ - ۱۰ نفر,axoncorp.ir,None
نوین رسالت  , Novin Resalat,۳,کامپیوتر، فناوری اطلاعات و اینترنت,۲ - ۱۰ نفر,www.novinresalat.com,None
پروژان , Projon,۱,کامپیوتر، فناوری اطلاعات و اینترنت,۲ - ۱۰ نفر,projon.ga/,None
یونیتی , Uniti,۱,خرده‌فروشی، عمده‌فروشی و فروشگاه‌های زنجیره‌ای,۱۱ تا ۵۰ نفر,unitibv.com/,None
پرنیان پردازش پارس , Parnian Pardazesh,۱,کامپیوتر، فناوری اطلاعات و اینترنت,۱۱ تا ۵۰ نفر,parnianportal.com,None
ارزدیجیتال , ArzDigital,۲,کامپیوتر، فناوری اطلاعات و اینترنت,۱۱ تا ۵۰ نفر,www.arzdigital.com/,None
ایده پردازان فناوری , Ide Pardazan Fanavari,۲,کامپیوتر، فناوری اطلاعات و اینترنت,۲ - ۱۰ نفر,www.ipfanavari.com,None
پایشگران مديريت طرح , Payeshgaran MT,۱,کامپیوتر، فناوری اطلاعات و اینترنت,۱۱ تا ۵۰ نفر,www.payeshgaran.biz,None
آتلیه کاریزما , Charisma,۱,تبلیغات، بازاریابی و برندسازی,۲ - ۱۰ نفر,None,None
ایران ترکی , Iran Turkey,۱,وکالت و حقوقی,۱۱ تا ۵۰ نفر,iranturkey.vip,None
آوان سیستم , Avan System,۳,کامپیوتر، فناوری اطلاعات و اینترنت,۲ - ۱۰ نفر,avansystem.net,None
پیتام , Peytam,۱,کامپیوتر، فناوری اطلاعات و اینترنت,۱۱ تا ۵۰ نفر,None,None
کارینگ(نگین خودرو هوشمند) , Caring,۱,کامپیوتر، فناوری اطلاعات و اینترنت,۱۱ تا ۵۰ نفر,www.caring.ir,None
عصر فناوری دانش , KTE,۲,کامپیوتر، فناوری اطلاعات و اینترنت,۱۱ تا ۵۰ نفر,None,None
مدیاژ , Modiage,۱,کامپیوتر، فناوری اطلاعات و اینترنت,۱۱ تا ۵۰ نفر,modiage.com,None
آروند فن پارس , Arvand Fan Pars,۱,خدمات درمانی، پزشکی و سلامت,۱۱ تا ۵۰ نفر,arvandfan.com,None
عالی پویان , Aalipouyan,۱,مالی و اعتباری,۲ - ۱۰ نفر,None,None
موسسه حقوقی رویای سبز عدالت  , Roya Sabz Edalat,۱,وکالت و حقوقی,۲ - ۱۰ نفر,None,None
تهران ثبت , Tehran Sabt,۳,وکالت و حقوقی,۵۱ تا ۲۰۰ نفر,sabttehran.com,None
نوداکس , Noodax,۱,معماری و عمران,۱۱ تا ۵۰ نفر,www.soorin.co,None
فن آوندپایدار  , Fan Avand Paydar,۱,تولید و صنایع,۱۱ تا ۵۰ نفر,None,None
اکوموتیو , Ecomotive,۱,رسانه و انتشارات,۲ - ۱۰ نفر,ecomotive.ir,None
گروه یکتا , Yekta Group,۱,تبلیغات، بازاریابی و برندسازی,۲ - ۱۰ نفر,6234.ir,None
رسا موج آسیا  , Rasa Mouje Asia,۲,تولید و صنایع,۱۱ تا ۵۰ نفر,WWW.Advanced-PCB.ir,None
خانه ما , House Me,۱,کامپیوتر، فناوری اطلاعات و اینترنت,۲ - ۱۰ نفر,None,None
یکتا تجهیزات نوین بوعلی , Yekta Tajhizat Novin Bo Ali,۲,واردات و صادرات,۱۱ تا ۵۰ نفر,www.ytnba.co,None
زی‌تل , Zitel,۱,مخابرات و ارتباطات (تلکام),۵۱ تا ۲۰۰ نفر,Zi-tel.com,None
گروه صنعتی ظفران , Zafran Industrial Group,۱,نفت و گاز,۵۱ تا ۲۰۰ نفر,None,None
دقیقه , Statsminute,۲,کامپیوتر، فناوری اطلاعات و اینترنت,۲ - ۱۰ نفر,www.statsminute.ir,None
ایده های هوشمند هرمس شریف , Hermes Sharif,۱,کامپیوتر، فناوری اطلاعات و اینترنت,۱۱ تا ۵۰ نفر,hermessharif.com,None
نوین ترخیص باقی , Novin Tarkhis Baghi,۱,واردات و صادرات,۱۱ تا ۵۰ نفر,www.novintarkhis.com,None
روچی , Rochi,۱,کامپیوتر، فناوری اطلاعات و اینترنت,۱۱ تا ۵۰ نفر,sri.co.ir,None
استودیو بین , Biin studio,۱,تبلیغات، بازاریابی و برندسازی,۲ - ۱۰ نفر,None,None
آریامدتور , Aria Med Tour,۱۱,خدمات درمانی، پزشکی و سلامت,۵۱ تا ۲۰۰ نفر,ariamedtour.com,None
موکسو , Mooxoo,۱,کامپیوتر، فناوری اطلاعات و اینترنت,۲ - ۱۰ نفر,mooxoo.de,None
رایانگین پرتیکان , Raya Negin Pertikan,۲,تولید و صنایع,۱۱ تا ۵۰ نفر,None,None
سفرزون , Safarzon,۱,گردشگری و هتل‌ها,۱۱ تا ۵۰ نفر,safarzon.com/,None
شتابیز , Shetabiz,۲,کامپیوتر، فناوری اطلاعات و اینترنت,۲ - ۱۰ نفر,None,None
پرتو بیتا , Parto Bita ,۱,کامپیوتر، فناوری اطلاعات و اینترنت,۱۱ تا ۵۰ نفر,www.partobita.com,None
های اینوست , Hi Invest,۱,املاک و مستغلات,۵۱ تا ۲۰۰ نفر,None,None
ویرا روش پایا , Vira Ravesh Paya,۲,کامپیوتر، فناوری اطلاعات و اینترنت,۱۱ تا ۵۰ نفر,vrpaya.com,None
موسسه انتشاراتی علمی سنا , Sana,۴,آموزش، مدارس و دانشگاه‌ها,۱۱ تا ۵۰ نفر,sanapezeshki.com,None
تمدن پویای مداربسته , TPM Co,۳,کامپیوتر، فناوری اطلاعات و اینترنت,۱۱ تا ۵۰ نفر,None,None
دایو پارس ,  Dio Pars,۹,خدمات درمانی، پزشکی و سلامت,۵۱ تا ۲۰۰ نفر,www.diopars.com,None
کافه لید (آژانس بازاریابی دیجیتال) , Cafe Lead Total Solution Agency,۳,تبلیغات، بازاریابی و برندسازی,۱۱ تا ۵۰ نفر,cafelead.agency,None
نسیم ارتباط دماوند , Nasime Ertebate Damavand,۲,کامپیوتر، فناوری اطلاعات و اینترنت,۲ - ۱۰ نفر,damavandco.com,None
توسعه یکپارچه سامانه های هوشمند قشم , TISA,۱,کامپیوتر، فناوری اطلاعات و اینترنت,۱۱ تا ۵۰ نفر,None,None
پندارسیستم , Pendar Systems,۱,کامپیوتر، فناوری اطلاعات و اینترنت,۲ - ۱۰ نفر,None,None
نردبان اندیشه , Brain Ladder,۱,کامپیوتر، فناوری اطلاعات و اینترنت,۱۱ تا ۵۰ نفر,www.brainladdergames.com,None
رایان مهر پویا , Rayan Mehr Pouya,۱,کامپیوتر، فناوری اطلاعات و اینترنت,۲ - ۱۰ نفر,None,None
کاساب , Kassab,۱,غذا و رستوران‌ها,۵۱ تا ۲۰۰ نفر,None,None
اندیشه کامپیوتر , Andishe Computer,۱,کامپیوتر، فناوری اطلاعات و اینترنت,۵۱ تا ۲۰۰ نفر,andc.ir,None
آما , AMA,۲,تبلیغات، بازاریابی و برندسازی,۲ - ۱۰ نفر,None,None
پردیس سرگرمی ایرانیان , Pardis Sargarmi Iranian,۲,کامپیوتر، فناوری اطلاعات و اینترنت,۱۱ تا ۵۰ نفر,None,None
کانون تابان شهر , Taban Shahr,۱,کامپیوتر، فناوری اطلاعات و اینترنت,۱۱ تا ۵۰ نفر,tabaneshahr.com,None
آرمانی , Rmoney,۱,کامپیوتر، فناوری اطلاعات و اینترنت,۱۱ تا ۵۰ نفر,rmoney.ir,None
تهلوکس , Tehlux,۱,کامپیوتر، فناوری اطلاعات و اینترنت,۲ - ۱۰ نفر,tehlux.com,None
رادیناد , Radinad,۲,کامپیوتر، فناوری اطلاعات و اینترنت,۲ - ۱۰ نفر,None,None
آی اپس , IApps,۲,کامپیوتر، فناوری اطلاعات و اینترنت,۲ - ۱۰ نفر,None,None
اکو , ECO,۲,کامپیوتر، فناوری اطلاعات و اینترنت,۲ - ۱۰ نفر,ecobazaar.ir,None
مسافرتى و جهانگردى جهانبان , Jahanban,۱,گردشگری و هتل‌ها,۲ - ۱۰ نفر,www.jahanbantravel.com,None
آقای لینگو , Aghaye Lingo,۱,کامپیوتر، فناوری اطلاعات و اینترنت,۲ - ۱۰ نفر,www.aghayelingo.com,None
دوریکوین , Doricoin,۱,کامپیوتر، فناوری اطلاعات و اینترنت,۲ - ۱۰ نفر,www.doricoin.com,None
جی ای اس پی , Gisp,۱,تولید و صنایع,۱۱ تا ۵۰ نفر,None,None
توسعه فناوری اطلاعات نارگان , Nargan IT,۱,کامپیوتر، فناوری اطلاعات و اینترنت,۲ - ۱۰ نفر,NarganIT.com,None
تلیله , Talileh,۸,کامپیوتر، فناوری اطلاعات و اینترنت,۲ - ۱۰ نفر,talileh.com,None
بیزلو , Bizlo,۳,کامپیوتر، فناوری اطلاعات و اینترنت,۲ - ۱۰ نفر,bizlo.ir,None
آرايه ايده های هوشمند آسيا , Arayeh Idea,۳,کامپیوتر، فناوری اطلاعات و اینترنت,۱۱ تا ۵۰ نفر,None,None
الو استاد , Alo Ostad,۱,کامپیوتر، فناوری اطلاعات و اینترنت,۱۱ تا ۵۰ نفر,aloostad.com,None
ایمن گستر باستانی , Imen Gostar Bastani,۲,کامپیوتر، فناوری اطلاعات و اینترنت,۲ - ۱۰ نفر,Bastaniteb.com,None
خانه موبایل ایران , Khaneh Mobile Iran,۱,کامپیوتر، فناوری اطلاعات و اینترنت,۲ - ۱۰ نفر,www.khanehmobile.com,None
شابش , Shabesh ,۲,املاک و مستغلات,۱۱ تا ۵۰ نفر,shabesh.com/,None
دی دی هالیدیز , DD Holidays,۱,کامپیوتر، فناوری اطلاعات و اینترنت,۵۱ تا ۲۰۰ نفر,ddholidays.com,None
زودروم , Zood Room,۴,کامپیوتر، فناوری اطلاعات و اینترنت,۵۱ تا ۲۰۰ نفر,zoodroom.com,None
کاسپین ماشین خاورمیانه , Caspian Mashin,۱,خودروسازی,۱۱ تا ۵۰ نفر,None,None
خدمات گردشگری تیکا , Ticka,۶,گردشگری و هتل‌ها,۱۱ تا ۵۰ نفر,ticka.com,None
اندیشه نو , Andishe No,۱,کامپیوتر، فناوری اطلاعات و اینترنت,۲ - ۱۰ نفر,dynaexpress.ir,None
مرکز آموزش ایران کانادا , Iran Canada,۲,آموزش، مدارس و دانشگاه‌ها,۵۱ تا ۲۰۰ نفر,www.irancanada-ac.com,None
بیمه پاسارگاد کد907 , Bime Pasargad,۳,بیمه,۱۱ تا ۵۰ نفر,pasargadinsurance.info/695jsmh,None
تهران ۸ , TEHRAN 8,۱,املاک و مستغلات,۲۰۱ تا ۵۰۰ نفر,WWW.TEHRAN8.COM,None
زرین جم مارینا , Zarrin Jam Marina,۱,تولید و صنایع,۲۰۱ تا ۵۰۰ نفر,www.zjm.ir,None
پردازش الکترونیک یلدا , Pardazesh Electronic Yalda,۱,کامپیوتر، فناوری اطلاعات و اینترنت,۲ - ۱۰ نفر,None,None
تیام شبکه , Tiam Networks,۱,کامپیوتر، فناوری اطلاعات و اینترنت,۵۱ تا ۲۰۰ نفر,tiamnetworks.ir,None
صنعت الکترونیک , Sanat Elctronic,۱,کامپیوتر، فناوری اطلاعات و اینترنت,۲ - ۱۰ نفر,sanat-elec.com,None
میپلی , Mipoli,۱,کامپیوتر، فناوری اطلاعات و اینترنت,۲ - ۱۰ نفر,None,None
گروه فناوری اطلاعات مثبت , Mosbat IT Group,۲,کامپیوتر، فناوری اطلاعات و اینترنت,۵۱ تا ۲۰۰ نفر,mosbatgroup.ir,None
پت شاپ فلامینگو , Flamingo,۱,کالای مصرفی و خوراکی,۲ - ۱۰ نفر,None,None
مدرسه اینورس , Inverse School,۳,آموزش، مدارس و دانشگاه‌ها,۲ - ۱۰ نفر,www.inverseschool.com,None
فرهیختگان علم و صنعت , Farhikhtegan,۱,کامپیوتر، فناوری اطلاعات و اینترنت,۱۱ تا ۵۰ نفر,None,None
نوبار , Nobaar,۱,حمل و نقل، لاجستیک و انبارداری,۱۱ تا ۵۰ نفر,nobaar.com/,None
کانون طراحی و نوآوری جالب  , Jaleb Innovation And Design Agency,۲,رسانه و انتشارات,۲ - ۱۰ نفر,www.jaleb.org,None
رادین سیستم تدبیر افق , Radin System,۲,کامپیوتر، فناوری اطلاعات و اینترنت,۲ - ۱۰ نفر,www.rsto.ir,None
بلیطجا , Bilitja,۱,گردشگری و هتل‌ها,۱۱ تا ۵۰ نفر,bilitja.com,None
کسب و کار نوین فرابین , Farabeen,۱,کامپیوتر، فناوری اطلاعات و اینترنت,۱۱ تا ۵۰ نفر,farabeen.com,None
گروه الرافدین , Alrafedain Group,۱,سرمایه‌گذاری و تحلیل کسب‌وکار,۱۱ تا ۵۰ نفر,iraniraqbiz.com,None
سمانیک , Samanik,۱,کامپیوتر، فناوری اطلاعات و اینترنت,۲ - ۱۰ نفر,www.samanik.com/,None
عینک لومینو  , Lomino,۱,خدمات درمانی، پزشکی و سلامت,۲ - ۱۰ نفر,lominoo.com,None
مهندسی سازه اطلاعات سامان , Saman Information Structure,۱,کامپیوتر، فناوری اطلاعات و اینترنت,۱۱ تا ۵۰ نفر,www.sis-eg.com,None
گروه تخصصی وبنا , Webna Group,۱,کامپیوتر، فناوری اطلاعات و اینترنت,۲ - ۱۰ نفر,webnagroup.ir,None
بوکاپو , Bookapo,۱,رسانه و انتشارات,۱۱ تا ۵۰ نفر,www.bookapo.com,None
آژانس تبلیغات طوسی , TUSI Advertising Agency,۱,تبلیغات، بازاریابی و برندسازی,۱۱ تا ۵۰ نفر,www.tusi.co,None
پایا گسترش خورشید تابان  , Paya gostaresh khorshid taban,۱,تولید و صنایع,۲ - ۱۰ نفر,Pumpsab.ir,None
بیستون , Bistoon,۲,کامپیوتر، فناوری اطلاعات و اینترنت,۱۱ تا ۵۰ نفر,bistoon.co/,None
سما چوب , Sama Choob,۲,واردات و صادرات,۲ - ۱۰ نفر,None,None
تیوا سافت , Tivasoft,۲,کامپیوتر، فناوری اطلاعات و اینترنت,۱۱ تا ۵۰ نفر,tivasoft.com,None
دیاکو , Diaaco,۲,کامپیوتر، فناوری اطلاعات و اینترنت,۲ - ۱۰ نفر,www.thediaco.com,None
توسعه کارآ , ToseKara,۲,کامپیوتر، فناوری اطلاعات و اینترنت,۲ - ۱۰ نفر,tosekara.com,None
برترین ها , Bartarinha ,۱,رسانه و انتشارات,۲ - ۱۰ نفر,bartarinha.com,None
فناوران سلامت , Fanavaran Salamat,۵,کامپیوتر، فناوری اطلاعات و اینترنت,۱۱ تا ۵۰ نفر,None,None
سلاک پرداز , Selak Paraz,۱,کامپیوتر، فناوری اطلاعات و اینترنت,۲ - ۱۰ نفر,None,None
سولار سازان باستان , Solar Sazan Bastan,۱,واردات و صادرات,۱۱ تا ۵۰ نفر,www.solar-sazan.ir,None
بلورسافت , Blursoft,۱,کامپیوتر، فناوری اطلاعات و اینترنت,۲ - ۱۰ نفر,chirehbms.com,None
سایه , Sayeh,۱,کامپیوتر، فناوری اطلاعات و اینترنت,۲ - ۱۰ نفر,www.sayeh.ir,None
سی آر ام پک , CRM Pack,۱,کامپیوتر، فناوری اطلاعات و اینترنت,۱۱ تا ۵۰ نفر,www.crmpack.com,None
سیسبان , Sysban,۱,کامپیوتر، فناوری اطلاعات و اینترنت,۲ - ۱۰ نفر,sysban.ir,None
تلفیق هنر , TalfigheHonar,۱,کامپیوتر، فناوری اطلاعات و اینترنت,۱۱ تا ۵۰ نفر,fa.talfighehonar.com,None
فناوران دوراندیش اشراق , Eshragh,۱,کامپیوتر، فناوری اطلاعات و اینترنت,۱۱ تا ۵۰ نفر,www.fdeshragh.com,None
ثناگستر اسپادانا , Sana Gostar Espadana,۱,کامپیوتر، فناوری اطلاعات و اینترنت,۲ - ۱۰ نفر,espadana.co,None
توسعه‌ی راهکارهای هوشمند آدران , Oddrun,۲,کامپیوتر، فناوری اطلاعات و اینترنت,۱۱ تا ۵۰ نفر,www.oddrun.ir,None
داده پردازی خوارزمی , DP Kharazmi,۳,کامپیوتر، فناوری اطلاعات و اینترنت,۵۱ تا ۲۰۰ نفر,dpkharazmi.com,None
بهینه پردازش سپهر پارس , Behineh Pardazesh Sepehr Pars,۴,کامپیوتر، فناوری اطلاعات و اینترنت,۱۱ تا ۵۰ نفر,behineh.ir,None
فناوری نوآوران الکترونیک یارا , Fanavari Noavaran Electronic Yara,۱,کامپیوتر، فناوری اطلاعات و اینترنت,۵۱ تا ۲۰۰ نفر,None,None
مهندسی تحقیق و توسعه صمیم رایانه , Samim,۱۶,کامپیوتر، فناوری اطلاعات و اینترنت,۵۱ تا ۲۰۰ نفر,samimgroup.com,None
فرهیختگان جوان , Farhikhtegan Javan,۲,کامپیوتر، فناوری اطلاعات و اینترنت,۱۱ تا ۵۰ نفر,Hfj.ir,None
دادخواهان میزان , Mizan Law Firm,۱,وکالت و حقوقی,۱۱ تا ۵۰ نفر,None,None
استودیو پویا , Studio Poya,۱,معماری و عمران,۱۱ تا ۵۰ نفر,www.kfab-studio.com/,None
نگین تجارت آپامه , Negin Tejarat Apameh,۱۰,کامپیوتر، فناوری اطلاعات و اینترنت,۵۱ تا ۲۰۰ نفر,www.netap.ir,None
تاکسی ماکسیم , Taximaxim,۵,کامپیوتر، فناوری اطلاعات و اینترنت,۵۰۱ تا ۱۰۰۰ نفر,taximaxim.ir,None
طرح نوانديشان , TNA,۱,کامپیوتر، فناوری اطلاعات و اینترنت,۲۰۱ تا ۵۰۰ نفر,None,None
خبره پردازان دوران , Smart Douran,۳,کامپیوتر، فناوری اطلاعات و اینترنت,۱۱ تا ۵۰ نفر,smartdouran.com,None
مهندس پیشگان آزمون افزار یاس , MohandesPishegan Co,۲,کامپیوتر، فناوری اطلاعات و اینترنت,۱۱ تا ۵۰ نفر,www.MohandesPishegan.com,None
فرانگر پارس سیستم پویا , Faranegar Pars System Pooya,۱,کامپیوتر، فناوری اطلاعات و اینترنت,۵۱ تا ۲۰۰ نفر,www.faranegar.com,None
بردهای هوشمند , IBECo,۲,کامپیوتر، فناوری اطلاعات و اینترنت,۱۱ تا ۵۰ نفر,None,None
لیزی سامورایز , Lazysamurais,۲,کامپیوتر، فناوری اطلاعات و اینترنت,۱۱ تا ۵۰ نفر,lazysamurais.com,None
این سو , Insooo,۱,کامپیوتر، فناوری اطلاعات و اینترنت,۱۱ تا ۵۰ نفر,Insooo.ir,None
سفرهای الکترونیک (ایسفر) , eSafar,۱,کامپیوتر، فناوری اطلاعات و اینترنت,۱۱ تا ۵۰ نفر,www.esafar.com,None
آرا هنر , Arahonar,۱,تبلیغات، بازاریابی و برندسازی,۱۱ تا ۵۰ نفر,arahonar.ir,None
فناوری اطلاعات پارس مهان اسپاد , ParsMehan,۱,کامپیوتر، فناوری اطلاعات و اینترنت,۲ - ۱۰ نفر,parsmehan.com,None
استودیو راویلی , Ravialli Studio,۲,تبلیغات، بازاریابی و برندسازی,۲ - ۱۰ نفر,www.ravialli.com,None
برسام سازان , Barsam Sazan,۲,کامپیوتر، فناوری اطلاعات و اینترنت,۲ - ۱۰ نفر,None,None
پلیگان سیتی , Polygon City,۱,املاک و مستغلات,۱۱ تا ۵۰ نفر,polygoncity.ir,None
اپیکومدیا , Epico Media,۱,کامپیوتر، فناوری اطلاعات و اینترنت,۲ - ۱۰ نفر,epicomedia.com/,None
بازرگانی مبنا کارت آریا , MCAC,۳,کامپیوتر، فناوری اطلاعات و اینترنت,۵۱ تا ۲۰۰ نفر,mcac.co.ir,None
شکوه طعام وارنا , Shokkoh Taam Varna,۲,تولید و صنایع,۱۱ تا ۵۰ نفر,None,None
هلدینگ بوکا , Bouka,۵,کالای مصرفی و خوراکی,بیش از ۱۰۰۰ نفر,None,None
زنجیره ارتباطات همیار , Hamyar,۱,کامپیوتر، فناوری اطلاعات و اینترنت,۱۱ تا ۵۰ نفر,None,None
نت ران , Netran,۱,کامپیوتر، فناوری اطلاعات و اینترنت,۱۱ تا ۵۰ نفر,www.netran.net,None
نیلوفر آبی , Niloofarabi,۱,خدمات درمانی، پزشکی و سلامت,۱۱ تا ۵۰ نفر,niloofarabi.ir,None
استودیو آرت سنتر , Art Center Studio,۱,تبلیغات، بازاریابی و برندسازی,۲ - ۱۰ نفر,artcenter.studio,None
کیاسازه اهواز , Kia Sazeh Ahwaz,۱,معماری و عمران,۱۱ تا ۵۰ نفر,kiaszehahwaz.com,None
رادیس  , Radis,۱,معماری و عمران,۱۱ تا ۵۰ نفر,www.Radis.in,None
دیتاک , Dataak,۱,کامپیوتر، فناوری اطلاعات و اینترنت,۱۱ تا ۵۰ نفر,dataak.com/,None
مرکز نوآوری گاج , Gaj Innovation Center,۷,کامپیوتر، فناوری اطلاعات و اینترنت,۲۰۱ تا ۵۰۰ نفر,www.gaj.ir,None
دومان سامانه  , Douman Samaneh,۱,کامپیوتر، فناوری اطلاعات و اینترنت,۱۱ تا ۵۰ نفر,www.gammadesk.com,None
تی نکست , Tinext,۱,کامپیوتر، فناوری اطلاعات و اینترنت,۱۱ تا ۵۰ نفر,None,None
کلاسند , Kelasend,۱,کامپیوتر، فناوری اطلاعات و اینترنت,۲ - ۱۰ نفر,kelasend.ir,None
اطلاع رسانی پیوند داده ها , EPD. Co. Ltd.,۱,کامپیوتر، فناوری اطلاعات و اینترنت,۵۱ تا ۲۰۰ نفر,www.epd.ir,None
آوایار صنعت , Avayar Sanat,۱,کامپیوتر، فناوری اطلاعات و اینترنت,۲ - ۱۰ نفر,www.avayarsanat.ir,None
حامی , Hami,۲,کامپیوتر، فناوری اطلاعات و اینترنت,۱۱ تا ۵۰ نفر,None,None
بتا دارو , Beta Darou,۱,خرده‌فروشی، عمده‌فروشی و فروشگاه‌های زنجیره‌ای,۲ - ۱۰ نفر,betadarou.com,None
پاک چرخ ایرانیان , Paak Charkh Iranian,۱۳,کامپیوتر، فناوری اطلاعات و اینترنت,۱۱ تا ۵۰ نفر,None,None
یوتاب , Utab,۱۲,کامپیوتر، فناوری اطلاعات و اینترنت,۵۱ تا ۲۰۰ نفر,None,None
ایده پردازان , Ideh Pardazan,۱,کامپیوتر، فناوری اطلاعات و اینترنت,۱۱ تا ۵۰ نفر,ipe.ir,None
اندیشه رهام , Andishe Roham,۲,آموزش، مدارس و دانشگاه‌ها,۲ - ۱۰ نفر,www.highshoolatcanada.com,None
هف هشتاد , Hafhashtad,۱,کامپیوتر، فناوری اطلاعات و اینترنت,۲۰۱ تا ۵۰۰ نفر,www.780.ir,None
نارین افزار پویا , Narin Afzar Poya,۲,کامپیوتر، فناوری اطلاعات و اینترنت,۱۱ تا ۵۰ نفر,safar724.com/,None
بادسان , Badsan,۱,کامپیوتر، فناوری اطلاعات و اینترنت,۱۱ تا ۵۰ نفر,badsan.ir,None
پلیمر طلایی یزد , Polymer Talayi Yazd,۱,تولید و صنایع,۵۱ تا ۲۰۰ نفر,None,None
پارسیان ترخیص , Parsian Tarkhis,۱,واردات و صادرات,۱۱ تا ۵۰ نفر,None,None
سوران , Sooran,۱,کامپیوتر، فناوری اطلاعات و اینترنت,۲ - ۱۰ نفر,None,None
آژانس ستاره ونک , Setareh Vanak,۱,گردشگری و هتل‌ها,۵۱ تا ۲۰۰ نفر,setarehvanak.com,None
بیمه آسماری , Asmari,۱,بیمه,۵۱ تا ۲۰۰ نفر,asmari.net,None
آتین کاوش , Atinkavosh ,۱,مخابرات و ارتباطات (تلکام),۲ - ۱۰ نفر,None,None
سافت سیستم کیش(تیم یار) , Soft System,۴,کامپیوتر، فناوری اطلاعات و اینترنت,۵۱ تا ۲۰۰ نفر,teamyar.com,None
مانیار , Moneyar,۱,کامپیوتر، فناوری اطلاعات و اینترنت,۲ - ۱۰ نفر,Moneyar.com,None
دادوستد الکترونیک , DSE,۳,کامپیوتر، فناوری اطلاعات و اینترنت,۲ - ۱۰ نفر,None,None
تحلیل ارتباط ماجراجویان , AdVenture,۲,تبلیغات، بازاریابی و برندسازی,۱۱ تا ۵۰ نفر,ad-venture.ir,None
کارنای , Karnai,۱,معماری و عمران,۵۱ تا ۲۰۰ نفر,www.karnai.com,None
موسسه انتشارات قدیانی (کتاب‌های بنفشه) , (Ghadyani Publication (Banafshe,۱,رسانه و انتشارات,۵۱ تا ۲۰۰ نفر,www.Ghadyani.org,None
ژارنسی , Zhurrency,۳,کامپیوتر، فناوری اطلاعات و اینترنت,۵۱ تا ۲۰۰ نفر,zhurrency.com,None
زیست بوم مجازی درسا  , Dorsa Family,۱,کامپیوتر، فناوری اطلاعات و اینترنت,۱۱ تا ۵۰ نفر,dorsafamily.ir,None
یسنا سیستم پاسارگاد , Yasna System Pasargad,۱,کامپیوتر، فناوری اطلاعات و اینترنت,۱۱ تا ۵۰ نفر,www.yasnasystem.com,None
دوان , THE ONE,۲,خرده‌فروشی، عمده‌فروشی و فروشگاه‌های زنجیره‌ای,۵۱ تا ۲۰۰ نفر,None,None
مدیریت روشمند , Raveshmand Consulting,۱,کامپیوتر، فناوری اطلاعات و اینترنت,۱۱ تا ۵۰ نفر,www.raveshmand.com,None
بیدک , Bdok,۲,کامپیوتر، فناوری اطلاعات و اینترنت,۲ - ۱۰ نفر,bdok.ir,None
موسسه نوآوارن پارسیان , NOA,۱,کامپیوتر، فناوری اطلاعات و اینترنت,۲ - ۱۰ نفر,noagames.co,None
پیشگامان فرارسانه سروش , Pishgaman Fara Resaneh Soroush,۲,کامپیوتر، فناوری اطلاعات و اینترنت,۱۱ تا ۵۰ نفر,vasni.ir,None
پاینوا , Pinova,۱,کامپیوتر، فناوری اطلاعات و اینترنت,۲ - ۱۰ نفر,None,None
موسسه آموزشی فرهنگی گزینه دو , Gozine2,۱,آموزش، مدارس و دانشگاه‌ها,۱۱ تا ۵۰ نفر,gozine2.ir,None
توسعه مهندسی بازارگستران آتی , TMBA,۱,آموزش، مدارس و دانشگاه‌ها,۱۱ تا ۵۰ نفر,www.tmba.ir,None
پیرامید , Pyramid,۱,کامپیوتر، فناوری اطلاعات و اینترنت,۲ - ۱۰ نفر,None,None
خانه مكالمه انگليسی اسپانيايی  , English and Spanish School,۱,آموزش، مدارس و دانشگاه‌ها,۲ - ۱۰ نفر,None,None
سامانه های بُعد پنجم , 5thD Systems,۱,کامپیوتر، فناوری اطلاعات و اینترنت,۱۱ تا ۵۰ نفر,www.5thdsystems.com,None
حسابداری ملک , Malek,۴,مالی و اعتباری,۱۱ تا ۵۰ نفر,malek-co.com,None
سازمان امور مالیاتی , INTA,۱,کامپیوتر، فناوری اطلاعات و اینترنت,۱۱ تا ۵۰ نفر,tax.gov.ir,None
ایران مدیر , Iran Modir,۲,رسانه و انتشارات,۲ - ۱۰ نفر,None,None
بازرگانی مهر , Mehr Trading,۱,خرده‌فروشی، عمده‌فروشی و فروشگاه‌های زنجیره‌ای,۲ - ۱۰ نفر,None,None
نرم افزاری محک , Mahak Software Group,۲,کامپیوتر، فناوری اطلاعات و اینترنت,۵۱ تا ۲۰۰ نفر,mahaksoft.com,None
توسعه تجارت آپادانا , Apadana,۲,کامپیوتر، فناوری اطلاعات و اینترنت,۱۱ تا ۵۰ نفر,www.terabyteco.com,None
دانش آتیه معماری و ساخت , Domus,۱,کامپیوتر، فناوری اطلاعات و اینترنت,۱۱ تا ۵۰ نفر,www.domusgroup.ir,None
پیام آوا پردازش , Payam Ava Pardazesh,۳,کامپیوتر، فناوری اطلاعات و اینترنت,۲ - ۱۰ نفر,payamava.net/,None
تهران مبله , TehranMoble,۴,املاک و مستغلات,۱۱ تا ۵۰ نفر,TehranMoble.com,None
پارس فن آوران رادین , Pars Fanavaran Radin,۱,تولید و صنایع,۲ - ۱۰ نفر,radintech.com,None
مهسان , Mahsan,۳,کامپیوتر، فناوری اطلاعات و اینترنت,۵۱ تا ۲۰۰ نفر,mahsan.co,None
شرکت کاردینا , Cardina,۱,کامپیوتر، فناوری اطلاعات و اینترنت,۲ - ۱۰ نفر,None,None
اسپید , Speed,۱,کامپیوتر، فناوری اطلاعات و اینترنت,۱۱ تا ۵۰ نفر,www.speedapp.ir,None
سایت ایسام , Esam,۱,کامپیوتر، فناوری اطلاعات و اینترنت,۱۱ تا ۵۰ نفر,www.esam.ir,None
سایت اینترنتی دیوار  , Divar,۱,کامپیوتر، فناوری اطلاعات و اینترنت,۵۱ تا ۲۰۰ نفر,divar.ir,None
کاربر محور ببر , Karbar Mehvar Babr,۳,کامپیوتر، فناوری اطلاعات و اینترنت,۲ - ۱۰ نفر,None,None
فن کام کیش , Fancomkish,۲,مخابرات و ارتباطات (تلکام),۵۱ تا ۲۰۰ نفر,www.fancomkish.com,None
رایانمهر , Rayanmehr,۴,کامپیوتر، فناوری اطلاعات و اینترنت,۵۱ تا ۲۰۰ نفر,rayanmehr.co.ir,None
موپن , Mopon,۱,کامپیوتر، فناوری اطلاعات و اینترنت,۲ - ۱۰ نفر,www.mopon.ir,None
نت افراز ایرانیان , Netafraz Iranian,۱,کامپیوتر، فناوری اطلاعات و اینترنت,۱۱ تا ۵۰ نفر,None,None
پانوآ , Panoa,۱,معماری و عمران,۱۱ تا ۵۰ نفر,www.panoa.ir,None
هوش ماندگار شایا , Shaya Smart Technologies,۱,کامپیوتر، فناوری اطلاعات و اینترنت,۱۱ تا ۵۰ نفر,ishaya.ir,None
پردازش اطلاعات مالی پارت , Part Financial Data Processing,۱۳,کامپیوتر، فناوری اطلاعات و اینترنت,۵۱ تا ۲۰۰ نفر,partdp.ir,None
شرکت دانش بنیان مهندسی ارتباطی پیام پرداز , PayamPardaz,۲,کامپیوتر، فناوری اطلاعات و اینترنت,۵۱ تا ۲۰۰ نفر,WWW.payampardaz.com,None
تهران پرداخت , Tehran Payment,۱,کامپیوتر، فناوری اطلاعات و اینترنت,۱۱ تا ۵۰ نفر,None,None
پورتال تلکسیران , Telexiran,۱,کامپیوتر، فناوری اطلاعات و اینترنت,۱۱ تا ۵۰ نفر,www.telexiran.com,None
پیشرو فناوری و ارتباطات ایرسا , IRSA,۱,کامپیوتر، فناوری اطلاعات و اینترنت,۲ - ۱۰ نفر,www.irsatech.ir,None
سپهرنت ایرانیان , Sepehr Net Iranian,۱,کامپیوتر، فناوری اطلاعات و اینترنت,۵۱ تا ۲۰۰ نفر,sepehrnet.com,None
ایده پردازان فناوری و دانش , IdeaPardazan,۱,کامپیوتر، فناوری اطلاعات و اینترنت,۱۱ تا ۵۰ نفر,ideacenter.ir,None
اینترستالر ایران , Interstellar,۱,کامپیوتر، فناوری اطلاعات و اینترنت,۲ - ۱۰ نفر,ir.interstellar.tours,None
فناوران آواسیس/آواژنگ , Fanavaran Avasys,۴,کامپیوتر، فناوری اطلاعات و اینترنت,۵۱ تا ۲۰۰ نفر,www.avajang.com,None
موسسه آموزشی مخدومی , Makhdoomi Education,۱,رسانه و انتشارات,۱۱ تا ۵۰ نفر,makhdoomi.ir,None
برترسافت , Bsuperior System Ltd.,۱,کامپیوتر، فناوری اطلاعات و اینترنت,۱۱ تا ۵۰ نفر,bsup.ca,None
خشکشویی آنلاین زودشور , Zoodshoor Online Laundry Service,۱,کامپیوتر، فناوری اطلاعات و اینترنت,۲ - ۱۰ نفر,zoodshoor.com,None
دانش پرداز , Danesh Pardaz,۱,کامپیوتر، فناوری اطلاعات و اینترنت,۲ - ۱۰ نفر,None,None
مسیران آینده پیمایش , Iran Route,۱,کامپیوتر، فناوری اطلاعات و اینترنت,۱۱ تا ۵۰ نفر,iranroute.com,None
فرادرس , Faradars,۱۱,کامپیوتر، فناوری اطلاعات و اینترنت,۵۱ تا ۲۰۰ نفر,faradars.org,None
خدمات ارتباطی رایتل , RighTel,۱,کامپیوتر، فناوری اطلاعات و اینترنت,بیش از ۱۰۰۰ نفر,rightel.ir,None
دپارتمان استور روشا , Rosha Department Stor,۲,خرده‌فروشی، عمده‌فروشی و فروشگاه‌های زنجیره‌ای,۲۰۱ تا ۵۰۰ نفر,jobs.rosha.ir/,None
گروه صنعتی مکرر , Mokarrar Industrial Group,۳,نفت و گاز,۵۱ تا ۲۰۰ نفر,mokarrar.com/,None
کمک حال , Komakhal,۱,کامپیوتر، فناوری اطلاعات و اینترنت,۲ - ۱۰ نفر,KomakHaal.com,None
امن پردازان کویر , Amnpardazan,۲,کامپیوتر، فناوری اطلاعات و اینترنت,۵۱ تا ۲۰۰ نفر,apk-group.ir,None
تحلیلگران اطلاعات پویا بین الملل , Tahlilgaran,۴,کامپیوتر، فناوری اطلاعات و اینترنت,۱۱ تا ۵۰ نفر,None,None
دادسان , DADSUN,۳,وکالت و حقوقی,۲ - ۱۰ نفر,www.DADSUN.ir,None
ریخته گری دقیق صنعت گستر , Sanat Gostar Investment Casting,۳,تولید و صنایع,۵۱ تا ۲۰۰ نفر,www.sg-casting.com,None
الی گشت , Eligasht,۲,گردشگری و هتل‌ها,۵۱ تا ۲۰۰ نفر,www.eligasht.com,None
توسعه فناوری اطلاعات چیستا , Chista,۶,کامپیوتر، فناوری اطلاعات و اینترنت,۵۱ تا ۲۰۰ نفر,namaa.ir,None
اندیشه پرداز , Andisheh Pardaz,۳,کامپیوتر، فناوری اطلاعات و اینترنت,۱۱ تا ۵۰ نفر,andishehpardaz.ir,None
مدرسان مشهد , Modarresan Mashhad,۵,آموزش، مدارس و دانشگاه‌ها,۲ - ۱۰ نفر,vatanproject.ir,None
سگال افزار نادین , Segal Afzar Nadin,۱,کامپیوتر، فناوری اطلاعات و اینترنت,۱۱ تا ۵۰ نفر,None,None
ماموت مدیریت سیستم ها  , MammutSystems,۲,کامپیوتر، فناوری اطلاعات و اینترنت,۵۱ تا ۲۰۰ نفر,None,None
برگ های سبز و نقره ای , Green and Silver Leaves,۱,کامپیوتر، فناوری اطلاعات و اینترنت,۱۱ تا ۵۰ نفر,www.resaa.net,None
آپادانا , Apadana,۴,کامپیوتر، فناوری اطلاعات و اینترنت,۱۱ تا ۵۰ نفر,apadana.uk,None
گوهر فناور , Gohar Fanavar,۱,کامپیوتر، فناوری اطلاعات و اینترنت,۲ - ۱۰ نفر,None,None
پرگاس انفورماتیک , Pergas Co,۱,کامپیوتر، فناوری اطلاعات و اینترنت,۲ - ۱۰ نفر,pergasco.com,None
ویس بوم , Visboom,۴,کامپیوتر، فناوری اطلاعات و اینترنت,۱۱ تا ۵۰ نفر,visboom.com,None
برهان سیستم پاسارگاد , Borhansystem,۴,کامپیوتر، فناوری اطلاعات و اینترنت,۵۱ تا ۲۰۰ نفر,www.borhansys.com,None
هندمید , Handmade,۶,کامپیوتر، فناوری اطلاعات و اینترنت,۲ - ۱۰ نفر,www.handmade-dev.com,None
ابری شو , Abrisho,۲,کامپیوتر، فناوری اطلاعات و اینترنت,۲ - ۱۰ نفر,abrisho.com/,None
ایمن دابا پارسیان , Imen Daba Parsian,۱,کامپیوتر، فناوری اطلاعات و اینترنت,۱۱ تا ۵۰ نفر,dabacenter.ir,None
لومینیز , Luminiz,۲,کامپیوتر، فناوری اطلاعات و اینترنت,۱۱ تا ۵۰ نفر,None,None
خانه مدیا , Media Sources,۱,تبلیغات، بازاریابی و برندسازی,۲ - ۱۰ نفر,None,None
پونه مدیا , Pooneh Media,۲,کامپیوتر، فناوری اطلاعات و اینترنت,۲ - ۱۰ نفر,None,None
مرکزآهن , Markaz Ahan,۱,خرده‌فروشی، عمده‌فروشی و فروشگاه‌های زنجیره‌ای,۲ - ۱۰ نفر,None,None
همگامان , Hamgaman,۱,کامپیوتر، فناوری اطلاعات و اینترنت,۲۰۱ تا ۵۰۰ نفر,www.partners.ir,None
لووپ , Loop,۱,کامپیوتر، فناوری اطلاعات و اینترنت,۲ - ۱۰ نفر,None,None
پین ورک , Pinwork,۲,کامپیوتر، فناوری اطلاعات و اینترنت,۱۱ تا ۵۰ نفر,pinwork.ir/,None
مهندسی پرند پرداز نوین البرز , Parand Pardaz Novin Alborz,۱,کامپیوتر، فناوری اطلاعات و اینترنت,۲ - ۱۰ نفر,parandpardaz.com,None
داده گستران وب ایده , Webideh Co.,۴,کامپیوتر، فناوری اطلاعات و اینترنت,۱۱ تا ۵۰ نفر,webideh.com,None
گروه چرم درسا , Dorsa Leather Group,۸,خرده‌فروشی، عمده‌فروشی و فروشگاه‌های زنجیره‌ای,۵۱ تا ۲۰۰ نفر,None,None
تجارت الکترونیک ستاره , Tejarat Electronic Setare,۱,رسانه و انتشارات,۲ - ۱۰ نفر,www.setare.com,None
آی تی مبل , ITmobl,۱,خرده‌فروشی، عمده‌فروشی و فروشگاه‌های زنجیره‌ای,۲ - ۱۰ نفر,www.itmobl.com,None
تشک و کالای خواب داتیس , Datismattress,۲,خرده‌فروشی، عمده‌فروشی و فروشگاه‌های زنجیره‌ای,۵۱ تا ۲۰۰ نفر,datismattress.com,None
فناوران اطلاعات انصار , Ansar Information Technology,۲,کامپیوتر، فناوری اطلاعات و اینترنت,۵۱ تا ۲۰۰ نفر,www.AnsarIT.ir,None
گل بازار , Gol Bazar,۱,کامپیوتر، فناوری اطلاعات و اینترنت,۲ - ۱۰ نفر,golbazar.net,None
استادکار , Ostadkar,۳,کامپیوتر، فناوری اطلاعات و اینترنت,۵۱ تا ۲۰۰ نفر,Ostadkar.pro,None
مهندسین مشاور شار سازه طوس , Shar Group,۲,املاک و مستغلات,۲۰۱ تا ۵۰۰ نفر,shargroup.ir,None
ایسمینار , e-seminar,۱,کامپیوتر، فناوری اطلاعات و اینترنت,۲ - ۱۰ نفر,e-seminar.ir,None
فراز البرز , Faraz alborz,۱,کامپیوتر، فناوری اطلاعات و اینترنت,۲ - ۱۰ نفر,farazalborz.com,None
آراد موبایل , Arad Mobile,۱,خرده‌فروشی، عمده‌فروشی و فروشگاه‌های زنجیره‌ای,۲ - ۱۰ نفر,aradmobile.com,None
آمایش داده های تجارت نوین , ADTN Corporation,۵,کامپیوتر، فناوری اطلاعات و اینترنت,۱۱ تا ۵۰ نفر,adtn.ir,None
برنا ارتباط , Borna Ertebat,۱,کامپیوتر، فناوری اطلاعات و اینترنت,۱۱ تا ۵۰ نفر,ucheck.me,None
کافه فکر , Cafe Fekr,۱,غذا و رستوران‌ها,۲ - ۱۰ نفر,www.cafefekr.com,None
مرکز تحقیق و توسعه شید , SheedSoft R and D,۳,کامپیوتر، فناوری اطلاعات و اینترنت,۱۱ تا ۵۰ نفر,sheedsoft.com,None
دایره پژواک پویا , Dynamic Echo Cycle,۱,کامپیوتر، فناوری اطلاعات و اینترنت,۲ - ۱۰ نفر,daiereh.com,None
پارت ویزا , Partvisa,۱,کامپیوتر، فناوری اطلاعات و اینترنت,۲ - ۱۰ نفر,None,None
لیزینگ , Leasing,۱,خرده‌فروشی، عمده‌فروشی و فروشگاه‌های زنجیره‌ای,۱۱ تا ۵۰ نفر,None,None
آریاناپارس , Arianapars,۱,کامپیوتر، فناوری اطلاعات و اینترنت,۱۱ تا ۵۰ نفر,arianaabroad.com,None
گروه مانا , Mana Group,۱,کامپیوتر، فناوری اطلاعات و اینترنت,۲ - ۱۰ نفر,managroup.co,None
دانش پژوهان , Danesh Pazhouhan ,۴,تبلیغات، بازاریابی و برندسازی,۵۱ تا ۲۰۰ نفر,www.dpe.ac,None
سحاب پرداز , Sahab Pardaz,۸,کامپیوتر، فناوری اطلاعات و اینترنت,۵۱ تا ۲۰۰ نفر,sahab.ir,None
مسترپیپر , Masterpaper,۵,آموزش، مدارس و دانشگاه‌ها,۱۱ تا ۵۰ نفر,masterpaper.ir,None
مسترویزیتور , MRVisitor,۲,تبلیغات، بازاریابی و برندسازی,۲ - ۱۰ نفر,mrvisitor.ir,None
مجموعه بین المللی کارین , Karin Group,۲,تبلیغات، بازاریابی و برندسازی,۱۱ تا ۵۰ نفر,www.smartmedia.ir,None
ایده سازان نوین ارتباط دانش , ISNAD,۱,کامپیوتر، فناوری اطلاعات و اینترنت,۲ - ۱۰ نفر,isnad.ir,None
بهپرداز جهان , Behpardaz Jahan,۲,کامپیوتر، فناوری اطلاعات و اینترنت,۵۱ تا ۲۰۰ نفر,behpardaz.org,None
آژانس تبلیغات فیلیپ , Fillip Marketing Agency,۸,تبلیغات، بازاریابی و برندسازی,۱۱ تا ۵۰ نفر,fillip.ir/,None
ایزی تاکسی , Easy Taxi,۱,کامپیوتر، فناوری اطلاعات و اینترنت,۲ - ۱۰ نفر,easy-taxi.ir,None
فاوا وب بیست و چهار , ICT Web Twenty-four,۲,کامپیوتر، فناوری اطلاعات و اینترنت,۲ - ۱۰ نفر,ict-24.com,None
لایف وب , Life Web,۲,کامپیوتر، فناوری اطلاعات و اینترنت,۱۱ تا ۵۰ نفر,lifeweb.ir,None
داده کاوان اندیشه برتر , Dadekavan Ltd,۱,کامپیوتر، فناوری اطلاعات و اینترنت,۱۱ تا ۵۰ نفر,www.dadekavan.ir,None
چارگون , Chargoon,۲,کامپیوتر، فناوری اطلاعات و اینترنت,۲۰۱ تا ۵۰۰ نفر,chargoon.com,None
آکادمی یادگیری مجازی , VLA,۱,آموزش، مدارس و دانشگاه‌ها,۲ - ۱۰ نفر,None,None
نوکاوان , Nokavan,۳,کامپیوتر، فناوری اطلاعات و اینترنت,۱۱ تا ۵۰ نفر,nokavan.ir/,None
داده کاوان امیرکبیر , Amirkabir Data Miners,۳,کامپیوتر، فناوری اطلاعات و اینترنت,۲ - ۱۰ نفر,boghrat.com,None
فن آوران انیاک رایانه , Eniac Tech,۲,کامپیوتر، فناوری اطلاعات و اینترنت,۵۱ تا ۲۰۰ نفر,www.eniac-tech.com,None
 آرت نت دیزاین , ArtNet Design,۲,معماری و عمران,۲ - ۱۰ نفر,artnetdesign.net,None
ویرا توسعه و فناوری برتر سگال , Vira,۱,کامپیوتر، فناوری اطلاعات و اینترنت,۲ - ۱۰ نفر,None,None
راهیاب خاک , RSC,۱,معماری و عمران,۲ - ۱۰ نفر,www.rsc.co.ir,None
من حقیقی , Manehaghighi,۱,آموزش، مدارس و دانشگاه‌ها,۱۱ تا ۵۰ نفر,Manehaghighi.com,None
گروه مهندسی آینده کاوان کهکشان نرم افزار  , ICAN,۱,کامپیوتر، فناوری اطلاعات و اینترنت,۵۱ تا ۲۰۰ نفر,www.ican.ir,None
همکاران شناسه , Hamkaran Shenaseh,۱,کامپیوتر، فناوری اطلاعات و اینترنت,۱۱ تا ۵۰ نفر,allin.ir,None
فروشگاه اینترنتی سفارش اداری , Sefaresh Edari,۲,کامپیوتر، فناوری اطلاعات و اینترنت,۱۱ تا ۵۰ نفر,www.sefareshedari.com,None
فرازدانه آوند , Faraz Daneh Avand,۲,کشاورزی,۲۰۱ تا ۵۰۰ نفر,fdavand.com,None
تنيس شاپ , Tennis Shop,۲,کامپیوتر، فناوری اطلاعات و اینترنت,۲ - ۱۰ نفر,tennisshop.ir,None
سرویس با ما , Servicebama,۱,کامپیوتر، فناوری اطلاعات و اینترنت,۱۱ تا ۵۰ نفر,servicebama.com,None
داده پردازی نیلرام مانا , Nilrammana,۱,کامپیوتر، فناوری اطلاعات و اینترنت,۱۱ تا ۵۰ نفر,www.nilram.info,None
افسران جنگ نرم , Afsaran,۱,کامپیوتر، فناوری اطلاعات و اینترنت,۱۱ تا ۵۰ نفر,www.afsaran.ir,None
گسترش سامانه‌های هوشمند آسمان , Aseman Inteligent System Development,۸,مخابرات و ارتباطات (تلکام),۵۱ تا ۲۰۰ نفر,asemanmedia.ir/,None
تدبیر پرداز , Tadbir Pardaz,۳,کامپیوتر، فناوری اطلاعات و اینترنت,۵۱ تا ۲۰۰ نفر,WWW.ETADBIR.COM,None
کارگزاری رسمی بیمه گذرگاه ابریشم پارسی , GAPIB Insurance Broker,۳,بیمه,۱۱ تا ۵۰ نفر,gapib.ir,None
لامینور , Laminor,۲,کامپیوتر، فناوری اطلاعات و اینترنت,۲ - ۱۰ نفر,laminor.ir,None
آموزشگاه زبان ایرانمهر , Iranmehr,۳۶,آموزش، مدارس و دانشگاه‌ها,۵۱ تا ۲۰۰ نفر,iranmehrcollege.com,None
گرین وب سامانه نوین  , GreenWeb,۱۰,کامپیوتر، فناوری اطلاعات و اینترنت,۱۱ تا ۵۰ نفر,greenweb.ir,None
رستوران ارکیده , Orkideh Restaurant,۱,غذا و رستوران‌ها,۵۰۱ تا ۱۰۰۰ نفر,www.orkiderestaurant.com,None
افرانت , AFR@NET,۱,کامپیوتر، فناوری اطلاعات و اینترنت,۲۰۱ تا ۵۰۰ نفر,www.afranet.com,None
ره آورد انفورماتیک طوس , Toos Informatic Rahavard,۱,کامپیوتر، فناوری اطلاعات و اینترنت,۱۱ تا ۵۰ نفر,www.irahavard.ir,None
آسان پرداخت , Asan Pardakht,۱,کامپیوتر، فناوری اطلاعات و اینترنت,۵۰۱ تا ۱۰۰۰ نفر,www.Asanpardakht.ir,None
مزمز , MazMaz,۳,تولید و صنایع,بیش از ۱۰۰۰ نفر,mazmaz.net,None
وب رمز , WebRamz,۱,کامپیوتر، فناوری اطلاعات و اینترنت,۱۱ تا ۵۰ نفر,webramz.com,None
هیلاوسام سبا , Hillavas,۳,کامپیوتر، فناوری اطلاعات و اینترنت,۵۱ تا ۲۰۰ نفر,Hillavas.com,None
بازرگانی ماهان مهر ماندگار , Mahan Mehr Mandegar,۱,کامپیوتر، فناوری اطلاعات و اینترنت,۱۱ تا ۵۰ نفر,None,None
راهکارهای همراه سارینا , Phonepay,۱,کامپیوتر، فناوری اطلاعات و اینترنت,۱۱ تا ۵۰ نفر,phonepay.ir,None
ایده پرداز پرارین , Perarin co,۱,واردات و صادرات,۱۱ تا ۵۰ نفر,www.perarinco.ir,None
زند آنلاین , Zand Online,۲,مالی و اعتباری,۲ - ۱۰ نفر,zandonline.ir,None
لین لینکینگ , Lean Linking,۱,کامپیوتر، فناوری اطلاعات و اینترنت,۱۱ تا ۵۰ نفر,www.leanlinking.com,None
فرهنگ گستران سلامت آروان , Salamat Arvan,۱,کامپیوتر، فناوری اطلاعات و اینترنت,۲ - ۱۰ نفر,None,None
اکسین‌ چنل , Oxin Channel,۱,کامپیوتر، فناوری اطلاعات و اینترنت,۱۱ تا ۵۰ نفر,www.oxinchannel.com,None
مای اپس , My Apps,۱,کامپیوتر، فناوری اطلاعات و اینترنت,۵۱ تا ۲۰۰ نفر,myapps.ir/,None
شایگان تدبیر پارسیان , Shaygan Tadbir,۲,کامپیوتر، فناوری اطلاعات و اینترنت,۲ - ۱۰ نفر,None,None
چترنیلی , Chatr Nili,۱,کامپیوتر، فناوری اطلاعات و اینترنت,۲ - ۱۰ نفر,www.cnili.com,None
داده ورزی فرادیس البرز , Faradis Alborz Informatics Corporation,۳,کامپیوتر، فناوری اطلاعات و اینترنت,۵۰۱ تا ۱۰۰۰ نفر,www.faradis.com,None
ازکی , Az Ki,۲,بیمه,۱۱ تا ۵۰ نفر,azki.com,None
نگین تبلیغات , Negin Advertising Agency,۳,تبلیغات، بازاریابی و برندسازی,۱۱ تا ۵۰ نفر,www.neginadv.com,None
توسعه مدیریت راهبردی امـین , Amin Strategic Management Development Co.,۱,کامپیوتر، فناوری اطلاعات و اینترنت,۵۱ تا ۲۰۰ نفر,www.anarestan.com/,None
منیب , Monib,۱,تولید و صنایع,۱۱ تا ۵۰ نفر,monibco.com,None
سیمرغ , Simorgh,۲,کامپیوتر، فناوری اطلاعات و اینترنت,۱۱ تا ۵۰ نفر,mysimorgh.com,None
ستیا , Setia.Co,۲,خرده‌فروشی، عمده‌فروشی و فروشگاه‌های زنجیره‌ای,۱۱ تا ۵۰ نفر,www.bornosluxury.com,None
داده گستر خط روشن , Khat-e-Roshan Media Co,۱,کامپیوتر، فناوری اطلاعات و اینترنت,۱۱ تا ۵۰ نفر,khateroshan.com,None
طرفه نگار , Torfeh Negar,۱۰,کامپیوتر، فناوری اطلاعات و اینترنت,۲۰۱ تا ۵۰۰ نفر,torfehnegar.com,None
نرم افزاری میزان , Mizan Co,۱,کامپیوتر، فناوری اطلاعات و اینترنت,۲ - ۱۰ نفر,www.hesabdari-mizan.com,None
عالی گشت آریا , Aali Gasht Aria,۱,گردشگری و هتل‌ها,۱۱ تا ۵۰ نفر,www.aaligasht.com,None
چشمک , Cheshmak,۱,کامپیوتر، فناوری اطلاعات و اینترنت,۲ - ۱۰ نفر,www.cheshmak.me,None
رکورد , Record,۲,واردات و صادرات,۱۱ تا ۵۰ نفر,recordsd.com,None
کاوش تیم , Kavosh Team,۹,کامپیوتر، فناوری اطلاعات و اینترنت,۵۱ تا ۲۰۰ نفر,kavoshteam.com,None
فناوری اطلاعات آریانت ایده , Ariyanet Idea,۳,تبلیغات، بازاریابی و برندسازی,۱۱ تا ۵۰ نفر,www.bibtel.com,None
پیروز پرواز , Pirooz Parvaz,۱,تولید و صنایع,۲ - ۱۰ نفر,www.piroozparvaz.com,None
مبتکران صنعت , Mobtakeran Sanat,۱,کامپیوتر، فناوری اطلاعات و اینترنت,۲ - ۱۰ نفر,Shahvarims.com,None
دانرو , Dunro,۱,تبلیغات، بازاریابی و برندسازی,۱۱ تا ۵۰ نفر,dunro.com/,None
تجارت الکترونیکی ارتباط فردا , eFarda,۱,کامپیوتر، فناوری اطلاعات و اینترنت,۵۱ تا ۲۰۰ نفر,efarda.ir,None
افق فرا ویژن , OFV Co,۱,کامپیوتر، فناوری اطلاعات و اینترنت,۲ - ۱۰ نفر,ofv-co.com,None
سبا پردازش , Sabapardazesh,۱,کامپیوتر، فناوری اطلاعات و اینترنت,۵۱ تا ۲۰۰ نفر,sabapardazesh.net,None
دکتر ساینا , Dr Saina,۱,خدمات درمانی، پزشکی و سلامت,۱۱ تا ۵۰ نفر,drsaina.ir,None
موسسه زبان آفاق , Afaq ,۱,آموزش، مدارس و دانشگاه‌ها,۲ - ۱۰ نفر,None,None
همراه مکانیک , Hamrah Mechanic,۱,خودروسازی,۵۱ تا ۲۰۰ نفر,www.hamrah-mechanic.com,None
ستیران , Setiran,۱,کامپیوتر، فناوری اطلاعات و اینترنت,۱۱ تا ۵۰ نفر,www.setiran.com,None
داده پردازی رسپینا , Respina Networks,۲۷,کامپیوتر، فناوری اطلاعات و اینترنت,۲۰۱ تا ۵۰۰ نفر,www.respina.net,None
گروه صنعتی آنیتاسان , Anitasun,۲,خرده‌فروشی، عمده‌فروشی و فروشگاه‌های زنجیره‌ای,۲۰۱ تا ۵۰۰ نفر,None,None
وی آی پی , VIP,۱,کامپیوتر، فناوری اطلاعات و اینترنت,۱۱ تا ۵۰ نفر,None,None
سالیان سفر امین , Salian Safar,۱,گردشگری و هتل‌ها,۱۱ تا ۵۰ نفر,www.saliansafar.com/,None
آکاف , Akaf,۱,کامپیوتر، فناوری اطلاعات و اینترنت,۱۱ تا ۵۰ نفر,applicationnevis.com,None
پردازش اطلاعات مالی مبنا , Mabna DP,۴,کامپیوتر، فناوری اطلاعات و اینترنت,۱۱ تا ۵۰ نفر,mabnadp.com,None
عصر کلام زنگنه , ZTC,۱,آموزش، مدارس و دانشگاه‌ها,۲ - ۱۰ نفر,ztcprep.com,None
راهبردهای کسب و کار پارتیان  , Partian,۱,کامپیوتر، فناوری اطلاعات و اینترنت,۱۱ تا ۵۰ نفر,www.Partiatech.com,None
سمینارما , Seminare Ma,۱,آموزش، مدارس و دانشگاه‌ها,۱۱ تا ۵۰ نفر,www.SeminareMa.com,None
رایان پرداز کاوش  , Rayan Pardaz Kavosh,۱,کامپیوتر، فناوری اطلاعات و اینترنت,۱۱ تا ۵۰ نفر,www.rpkavosh.com,None
سروش مهر رضوان , Soroush Mehr Rezvan,۱,کامپیوتر، فناوری اطلاعات و اینترنت,۱۱ تا ۵۰ نفر,smgroup.ir,None
سامانه ماندگار آسیا , SMA,۱,کامپیوتر، فناوری اطلاعات و اینترنت,یک نفر (من),smaco.ir,None
ویزیت ساز , Visit Saz,۵,کامپیوتر، فناوری اطلاعات و اینترنت,۱۱ تا ۵۰ نفر,visitsaz.com,None
مهیمن , Mohaymen,۹,کامپیوتر، فناوری اطلاعات و اینترنت,۵۱ تا ۲۰۰ نفر,mohaymen.ir/fa/,None
سرور پارس , Server Pars,۱,کامپیوتر، فناوری اطلاعات و اینترنت,۱۱ تا ۵۰ نفر,pars.host,None
آژانس دیجیتال مارکتینگ راتین , Ratin,۱,تبلیغات، بازاریابی و برندسازی,۱۱ تا ۵۰ نفر,www.ratin.agency,None
نی نی سایت , Nini Site,۲,کامپیوتر، فناوری اطلاعات و اینترنت,۵۱ تا ۲۰۰ نفر,ninisite.com,None
مرکز خرید گالریا , Galleria Mall,۱,خرده‌فروشی، عمده‌فروشی و فروشگاه‌های زنجیره‌ای,۲۰۱ تا ۵۰۰ نفر,www.galleriatehran.ir,None
های دکتر , Hi Doctor,۱,کامپیوتر، فناوری اطلاعات و اینترنت,۵۱ تا ۲۰۰ نفر,www.hidoctor.ir,None
پژوهشی صنعتی آریانا , Aryana Group,۱,آموزش، مدارس و دانشگاه‌ها,۱۱ تا ۵۰ نفر,www.aryanagroup.com,None
مقیم سافت , Moghim Soft,۲,کامپیوتر، فناوری اطلاعات و اینترنت,۲ - ۱۰ نفر,www.moghim24.com,None
گروه هوژان , Hojan Group,۲,کامپیوتر، فناوری اطلاعات و اینترنت,۱۱ تا ۵۰ نفر,www.hojangroup.com,None
راهبرد رایانه رستاک , Rahbord Rayaneh Rastak,۶,کامپیوتر، فناوری اطلاعات و اینترنت,۲ - ۱۰ نفر,www.hamkelasisoftware.com,None
ورزش سه  , Varzesh 3,۴,کامپیوتر، فناوری اطلاعات و اینترنت,۵۱ تا ۲۰۰ نفر,None,None
امیربابا , Amirbaba,۷,کامپیوتر، فناوری اطلاعات و اینترنت,۱۱ تا ۵۰ نفر,None,None
بیلبورد , Billboard,۱,کامپیوتر، فناوری اطلاعات و اینترنت,۱۱ تا ۵۰ نفر,www.billboardforyou.com,None
جهان گستر پارس رادن , Jahan Gostar Pars Raden,۱,کامپیوتر، فناوری اطلاعات و اینترنت,۱۱ تا ۵۰ نفر,www.jahangostarpars.com,None
سایرو سافت , Sairosoft,۱,کامپیوتر، فناوری اطلاعات و اینترنت,۱۱ تا ۵۰ نفر,www.sairosoft.com,None
هولدینگ پارس پندار نهاد , Pars Pendar Nahad,۳,آموزش، مدارس و دانشگاه‌ها,۵۱ تا ۲۰۰ نفر,parspn.com,None
رسپیناتک , Respinatech,۱,کامپیوتر، فناوری اطلاعات و اینترنت,۱۱ تا ۵۰ نفر,Respinatech.com/,None
ابزارمارت , Abzarmart,۳,کامپیوتر، فناوری اطلاعات و اینترنت,۱۱ تا ۵۰ نفر,abzarmart.com,None
ایرسا / خدمات گردشگری الکترونیک  , IRSA,۱۱,کامپیوتر، فناوری اطلاعات و اینترنت,۱۱ تا ۵۰ نفر,iati.ir,None
سپید سیستم , Sepid System,۳,کامپیوتر، فناوری اطلاعات و اینترنت,۱۱ تا ۵۰ نفر,sepidsystem.com,None
آریس گشت  , aris,۱,کامپیوتر، فناوری اطلاعات و اینترنت,۲ - ۱۰ نفر,None,None
بیمیتو , Bimito,۱,کامپیوتر، فناوری اطلاعات و اینترنت,۱۱ تا ۵۰ نفر,bimito.com,None
خبره پرداز پارس , Khebre Pardaaz Pars,۲,کامپیوتر، فناوری اطلاعات و اینترنت,۱۱ تا ۵۰ نفر,kpp.ir,None
پردازش اطلاعات ریسمان , Rismun,۳,کامپیوتر، فناوری اطلاعات و اینترنت,۱۱ تا ۵۰ نفر,rismun.com,None
آزمایش آنلاین , Azmayesh Online,۲,خدمات درمانی، پزشکی و سلامت,۲ - ۱۰ نفر,azmayeshonline.com,None
حمیم , Hamim,۲,کامپیوتر، فناوری اطلاعات و اینترنت,۱۱ تا ۵۰ نفر,www.hamimco.ir,None
پارس تصمیم , Pars Tasmim,۱,کامپیوتر، فناوری اطلاعات و اینترنت,۵۱ تا ۲۰۰ نفر,www.parstasmim.com,None
